[
  {
    "Regression": "Gradient Boosting",
    "Austin": "59.57%",
    "Boston": "59.23%",
    "Chicago": "63.20%",
    "Columbus": "63.83%",
    "Washington DC": "54.98%",
    "Los Angeles": "65.36%",
    "Miami": "66.81%",
    "Nashville": "68.02%",
    "New Orleans": "60.00%",
    "New York City": "57.32%",
    "Portland": "45.24%",
    "Seattle": "63.01%",
    "San Francisco": "61.33%",
    "Twin City": "59.44%",
    "Las Vegas": "62.12%"
  },
  {
    "Regression": "Linear Regression",
    "Austin": "51.77%",
    "Boston": "42.44%",
    "Chicago": "52.69%",
    "Columbus": "67.36%",
    "Washington DC": "48.20%",
    "Los Angeles": "54.37%",
    "Miami": "58.99%",
    "Nashville": "56.77%",
    "New Orleans": "47.12%",
    "New York City": "45.67%",
    "Portland": "45.06%",
    "Seattle": "53.54%",
    "San Francisco": "48.84%",
    "Twin City": "48.55%",
    "Las Vegas": "51.61%"
  },
  {
    "Regression": "Decision Tree",
    "Austin": "3.99%",
    "Boston": "8.92%",
    "Chicago": "5.69%",
    "Columbus": "8.55%",
    "Washington DC": "5.17%",
    "Los Angeles": "7.16%",
    "Miami": "7.10%",
    "Nashville": "7.16%",
    "New Orleans": "7.26%",
    "New York City": "5.54%",
    "Portland": "4.92%",
    "Seattle": "3.20%",
    "San Francisco": "7.66%",
    "Twin City": "7.00%",
    "Las Vegas": "10.72%"
  },
  {
    "Regression": "Random Forest",
    "Austin": "56.83%",
    "Boston": "56.12%",
    "Chicago": "61.78%",
    "Columbus": "65.55%",
    "Washington DC": "52.20%",
    "Los Angeles": "65.13%",
    "Miami": "66.37%",
    "Nashville": "67.22%",
    "New Orleans": "59.83%",
    "New York City": "55.54%",
    "Portland": "43.66%",
    "Seattle": "62.01%",
    "San Francisco": "58.64%",
    "Twin City": "58.10%",
    "Las Vegas": "62.40%"
  },
  {
    "Regression": "KNN",
    "Austin": "51.38%",
    "Boston": "54.14%",
    "Chicago": "56.26%",
    "Columbus": "63.18%",
    "Washington DC": "48.42%",
    "Los Angeles": "60.84%",
    "Miami": "61.92%",
    "Nashville": "62.78%",
    "New Orleans": "54.21%",
    "New York City": "46.46%",
    "Portland": "44.11%",
    "Seattle": "57.12%",
    "San Francisco": "55.81%",
    "Twin City": "54.17%",
    "Las Vegas": "60.42%"
  }
]