{"type":"Topology","arcs":[],"objects":{"cities":{"type":"GeometryCollection","geometries":[{"type":"Point","coordinates":[-74.006,40.7128],"properties":{"ID":0,"Name":"New York City","Cluster0":8732,"Cluster1":14188,"Cluster2":1068,"Cluster3":2892,"lat":40.7128,"long":-74.006,"short":"nyc"}},{"type":"Point","coordinates":[-71.0589,42.3601],"properties":{"ID":1,"Name":"Boston","Cluster0":942,"Cluster1":1128,"Cluster2":209,"Cluster3":474,"lat":42.3601,"long":-71.0589,"short":"boston"}},{"type":"Point","coordinates":[-77.0369,38.9072],"properties":{"ID":2,"Name":"Washington DC","Cluster0":1868,"Cluster1":3109,"Cluster2":234,"Cluster3":575,"lat":38.9072,"long":-77.0369,"short":"dc"}},{"type":"Point","coordinates":[-80.1918,25.7617],"properties":{"ID":3,"Name":"Miami","Cluster0":3014,"Cluster1":3673,"Cluster2":711,"Cluster3":1624,"lat":25.7617,"long":-80.1918,"short":"miami"}},{"type":"Point","coordinates":[-86.7816,36.1627],"properties":{"ID":4,"Name":"Nashville","Cluster0":1650,"Cluster1":1297,"Cluster2":735,"Cluster3":1274,"lat":36.1627,"long":-86.7816,"short":"nash"}},{"type":"Point","coordinates":[-87.6298,41.8781],"properties":{"ID":5,"Name":"Chicago","Cluster0":1623,"Cluster1":2570,"Cluster2":306,"Cluster3":691,"lat":41.8781,"long":-87.6298,"short":"chicago"}},{"type":"Point","coordinates":[-90.0715,29.9511],"properties":{"ID":6,"Name":"New Orleans","Cluster0":1829,"Cluster1":1780,"Cluster2":569,"Cluster3":998,"lat":29.9511,"long":-90.0715,"short":"neworl"}},{"type":"Point","coordinates":[-82.9988,39.9612],"properties":{"ID":7,"Name":"Columbus","Cluster0":373,"Cluster1":701,"Cluster2":25,"Cluster3":99,"lat":39.9612,"long":-82.9988,"short":"columbus"}},{"type":"Point","coordinates":[-97.7431,30.2672],"properties":{"ID":8,"Name":"Austin","Cluster0":2508,"Cluster1":3071,"Cluster2":636,"Cluster3":1175,"lat":30.2672,"long":-97.7431,"short":"austin"}},{"type":"Point","coordinates":[-93.265,44.9778],"properties":{"ID":9,"Name":"Twin City","Cluster0":751,"Cluster1":1416,"Cluster2":170,"Cluster3":295,"lat":44.9778,"long":-93.265,"short":"twin"}},{"type":"Point","coordinates":[-122.6784,45.5152],"properties":{"ID":10,"Name":"Portland","Cluster0":957,"Cluster1":1926,"Cluster2":67,"Cluster3":227,"lat":45.5152,"long":-122.6784,"short":"portland"}},{"type":"Point","coordinates":[-122.3321,47.6062],"properties":{"ID":11,"Name":"Seattle","Cluster0":1386,"Cluster1":1505,"Cluster2":154,"Cluster3":488,"lat":47.6062,"long":-122.3321,"short":"seattle"}},{"type":"Point","coordinates":[-118.2437,34.0522],"properties":{"ID":12,"Name":"Los Angeles","Cluster0":7059,"Cluster1":11395,"Cluster2":1460,"Cluster3":2882,"lat":34.0522,"long":-118.2437,"short":"la"}},{"type":"Point","coordinates":[-122.4194,37.7749],"properties":{"ID":13,"Name":"San Francisco","Cluster0":3064,"Cluster1":3478,"Cluster2":622,"Cluster3":1319,"lat":37.7749,"long":-122.4194,"short":"sanfran"}},{"type":"Point","coordinates":[-115.1398,36.1699],"properties":{"ID":14,"Name":"Las Vegas","Cluster0":2308,"Cluster1":2562,"Cluster2":703,"Cluster3":1305,"lat":36.1699,"long":-115.1398,"short":"vegas"}}]}}}