[
  {
    "Regression": "Gradient Boosting",
    "Austin": 4565.96,
    "Boston": 3986.59,
    "Chicago": 3747.41,
    "Columbus": 1899.93,
    "Washington DC": 3319.16,
    "Los Angeles": 3305.21,
    "Miami": 3520.03,
    "Nashville": 4208.45,
    "New Orleans": 4394.5,
    "New York City": 3154.05,
    "Portland": 2721.56,
    "Seattle": 2663.6,
    "San Francisco": 3758.44,
    "Twin City": 3920.24,
    "Las Vegas": 4439.93
  },
  {
    "Regression": "Linear Regression",
    "Austin": 5447.02,
    "Boston": 5627.8,
    "Chicago": 4817.45,
    "Columbus": 1714.47,
    "Washington DC": 3818.91,
    "Los Angeles": 4354.5,
    "Miami": 4348.95,
    "Nashville": 5688.54,
    "New Orleans": 5809.12,
    "New York City": 4015.35,
    "Portland": 2730.88,
    "Seattle": 3344.81,
    "San Francisco": 4971.57,
    "Twin City": 4972.91,
    "Las Vegas": 5671.52
  },
  {
    "Regression": "Decision Tree",
    "Austin": 9569.3,
    "Boston": 7484.96,
    "Chicago": 6575.69,
    "Columbus": 4495.46,
    "Washington DC": 6166.81,
    "Los Angeles": 6520.06,
    "Miami": 6949.31,
    "Nashville": 8419.86,
    "New Orleans": 8629.99,
    "New York City": 6153.98,
    "Portland": 4830.33,
    "Seattle": 5231.45,
    "San Francisco": 7652.3,
    "Twin City": 7674.3,
    "Las Vegas": 8349.46
  },
  {
    "Regression": "Random Forest",
    "Austin": 4875.4,
    "Boston": 4290.16,
    "Chicago": 3892.21,
    "Columbus": 1809.77,
    "Washington DC": 3524.22,
    "Los Angeles": 3327.8,
    "Miami": 3565.89,
    "Nashville": 4313.37,
    "New Orleans": 4412.93,
    "New York City": 3285.98,
    "Portland": 2800.13,
    "Seattle": 2735.38,
    "San Francisco": 4019.06,
    "Twin City": 4050.36,
    "Las Vegas": 4406.9
  },
  {
    "Regression": "KNN",
    "Austin": 5490.35,
    "Boston": 4484.34,
    "Chicago": 4454.5,
    "Columbus": 1934.47,
    "Washington DC": 3802.98,
    "Los Angeles": 3737.17,
    "Miami": 4037.8,
    "Nashville": 4896.61,
    "New Orleans": 5029.8,
    "New York City": 3956.51,
    "Portland": 2777.88,
    "Seattle": 3087.72,
    "San Francisco": 4294.06,
    "Twin City": 4429.57,
    "Las Vegas": 4639.26
  }
]