{"type":"Topology","arcs":[],"objects":{"columbus":{"type":"GeometryCollection","geometries":[{"type":"Point","coordinates":[-83.00321,39.98394],"properties":{"id":90676,"latitude":39.98394,"longitude":-83.00321,"city":"Columbus","room_type":"Entire home/apt","label":0,"price":135,"KNN_predic":199.73,"GB_predict":207.43,"LR_predict":187.96,"RF_Predict":200.68,"DT_Predict":120}},{"type":"Point","coordinates":[-82.97472,40.0087],"properties":{"id":3193181,"latitude":40.0087,"longitude":-82.97472,"city":"Columbus","room_type":"Entire home/apt","label":1,"price":90,"KNN_predic":108.33,"GB_predict":96.75,"LR_predict":97.73,"RF_Predict":106.35,"DT_Predict":115}},{"type":"Point","coordinates":[-82.92709,40.01027],"properties":{"id":5372431,"latitude":40.01027,"longitude":-82.92709,"city":"Columbus","room_type":"Private room","label":1,"price":55,"KNN_predic":49.9,"GB_predict":49.64,"LR_predict":51.4,"RF_Predict":45.05,"DT_Predict":59}},{"type":"Point","coordinates":[-82.99871,39.98296],"properties":{"id":5533834,"latitude":39.98296,"longitude":-82.99871,"city":"Columbus","room_type":"Entire home/apt","label":3,"price":308,"KNN_predic":272.94,"GB_predict":352.81,"LR_predict":269.31,"RF_Predict":320.58,"DT_Predict":113}},{"type":"Point","coordinates":[-82.92156,39.96927],"properties":{"id":5854666,"latitude":39.96927,"longitude":-82.92156,"city":"Columbus","room_type":"Private room","label":1,"price":95,"KNN_predic":55.62,"GB_predict":60.62,"LR_predict":47.89,"RF_Predict":48.5,"DT_Predict":40}},{"type":"Point","coordinates":[-83.11963,40.06489],"properties":{"id":6883920,"latitude":40.06489,"longitude":-83.11963,"city":"Columbus","room_type":"Entire home/apt","label":0,"price":181,"KNN_predic":120.44,"GB_predict":112.28,"LR_predict":105.27,"RF_Predict":120.52,"DT_Predict":139}},{"type":"Point","coordinates":[-83.01084,39.992],"properties":{"id":6924472,"latitude":39.992,"longitude":-83.01084,"city":"Columbus","room_type":"Private room","label":1,"price":30,"KNN_predic":48.81,"GB_predict":39.93,"LR_predict":87.72,"RF_Predict":35.8,"DT_Predict":42}},{"type":"Point","coordinates":[-82.98839,40.06467],"properties":{"id":7617016,"latitude":40.06467,"longitude":-82.98839,"city":"Columbus","room_type":"Private room","label":1,"price":61,"KNN_predic":55.19,"GB_predict":94.08,"LR_predict":104.07,"RF_Predict":77,"DT_Predict":54}},{"type":"Point","coordinates":[-82.97216,39.96145],"properties":{"id":8578379,"latitude":39.96145,"longitude":-82.97216,"city":"Columbus","room_type":"Private room","label":1,"price":31,"KNN_predic":51.12,"GB_predict":41.14,"LR_predict":45.59,"RF_Predict":54.85,"DT_Predict":80}},{"type":"Point","coordinates":[-83.09885,40.06366],"properties":{"id":8688424,"latitude":40.06366,"longitude":-83.09885,"city":"Columbus","room_type":"Private room","label":1,"price":64,"KNN_predic":46.39,"GB_predict":50.31,"LR_predict":35.3,"RF_Predict":55.68,"DT_Predict":26}},{"type":"Point","coordinates":[-82.92073,40.06079],"properties":{"id":9403080,"latitude":40.06079,"longitude":-82.92073,"city":"Columbus","room_type":"Entire home/apt","label":1,"price":94,"KNN_predic":140.36,"GB_predict":156.36,"LR_predict":136.43,"RF_Predict":181.82,"DT_Predict":175}},{"type":"Point","coordinates":[-82.78248,40.00027],"properties":{"id":10383297,"latitude":40.00027,"longitude":-82.78248,"city":"Columbus","room_type":"Private room","label":1,"price":41,"KNN_predic":56.74,"GB_predict":60.3,"LR_predict":25.72,"RF_Predict":65.62,"DT_Predict":43}},{"type":"Point","coordinates":[-82.99072,39.94298],"properties":{"id":12182010,"latitude":39.94298,"longitude":-82.99072,"city":"Columbus","room_type":"Entire home/apt","label":3,"price":261,"KNN_predic":181.81,"GB_predict":210.36,"LR_predict":207.82,"RF_Predict":213.82,"DT_Predict":235}},{"type":"Point","coordinates":[-83.03151,40.0397],"properties":{"id":13672030,"latitude":40.0397,"longitude":-83.03151,"city":"Columbus","room_type":"Entire home/apt","label":1,"price":95,"KNN_predic":95.37,"GB_predict":94.26,"LR_predict":104.7,"RF_Predict":89.7,"DT_Predict":87}},{"type":"Point","coordinates":[-82.99861,40.01891],"properties":{"id":13994248,"latitude":40.01891,"longitude":-82.99861,"city":"Columbus","room_type":"Entire home/apt","label":0,"price":207,"KNN_predic":171.64,"GB_predict":166.78,"LR_predict":202.54,"RF_Predict":186.38,"DT_Predict":185}},{"type":"Point","coordinates":[-83.01074,39.98811],"properties":{"id":14262378,"latitude":39.98811,"longitude":-83.01074,"city":"Columbus","room_type":"Entire home/apt","label":1,"price":54,"KNN_predic":90.81,"GB_predict":67.06,"LR_predict":84.16,"RF_Predict":90.4,"DT_Predict":89}},{"type":"Point","coordinates":[-82.99905,40.00843],"properties":{"id":14637285,"latitude":40.00843,"longitude":-82.99905,"city":"Columbus","room_type":"Private room","label":1,"price":54,"KNN_predic":104.33,"GB_predict":60.59,"LR_predict":88.45,"RF_Predict":63.4,"DT_Predict":46}},{"type":"Point","coordinates":[-82.99771,39.98391],"properties":{"id":14949691,"latitude":39.98391,"longitude":-82.99771,"city":"Columbus","room_type":"Private room","label":1,"price":68,"KNN_predic":62.7,"GB_predict":71.59,"LR_predict":83.32,"RF_Predict":68.45,"DT_Predict":75}},{"type":"Point","coordinates":[-83.00123,39.97937],"properties":{"id":15008883,"latitude":39.97937,"longitude":-83.00123,"city":"Columbus","room_type":"Entire home/apt","label":3,"price":240,"KNN_predic":229.54,"GB_predict":257.06,"LR_predict":254.01,"RF_Predict":247.62,"DT_Predict":166}},{"type":"Point","coordinates":[-83.01006,39.98939],"properties":{"id":15929897,"latitude":39.98939,"longitude":-83.01006,"city":"Columbus","room_type":"Entire home/apt","label":1,"price":56,"KNN_predic":99.36,"GB_predict":76.56,"LR_predict":112.89,"RF_Predict":77.05,"DT_Predict":140}},{"type":"Point","coordinates":[-82.96894,39.95516],"properties":{"id":16154072,"latitude":39.95516,"longitude":-82.96894,"city":"Columbus","room_type":"Entire home/apt","label":2,"price":432,"KNN_predic":188.46,"GB_predict":169.8,"LR_predict":213.82,"RF_Predict":195.95,"DT_Predict":138}},{"type":"Point","coordinates":[-82.81356,39.86121],"properties":{"id":16517236,"latitude":39.86121,"longitude":-82.81356,"city":"Columbus","room_type":"Entire home/apt","label":1,"price":65,"KNN_predic":114.26,"GB_predict":103.91,"LR_predict":52.76,"RF_Predict":109.15,"DT_Predict":119}},{"type":"Point","coordinates":[-82.97547,40.00724],"properties":{"id":16553536,"latitude":40.00724,"longitude":-82.97547,"city":"Columbus","room_type":"Entire home/apt","label":1,"price":85,"KNN_predic":98.05,"GB_predict":106.52,"LR_predict":70.07,"RF_Predict":88.18,"DT_Predict":126}},{"type":"Point","coordinates":[-83.00088,39.98822],"properties":{"id":17365804,"latitude":39.98822,"longitude":-83.00088,"city":"Columbus","room_type":"Entire home/apt","label":0,"price":115,"KNN_predic":145.02,"GB_predict":123.68,"LR_predict":161.58,"RF_Predict":123.08,"DT_Predict":104}},{"type":"Point","coordinates":[-82.99245,39.94368],"properties":{"id":17455574,"latitude":39.94368,"longitude":-82.99245,"city":"Columbus","room_type":"Entire home/apt","label":1,"price":88,"KNN_predic":115.21,"GB_predict":120.78,"LR_predict":123.5,"RF_Predict":106.05,"DT_Predict":104}},{"type":"Point","coordinates":[-83.00838,40.01063],"properties":{"id":18535724,"latitude":40.01063,"longitude":-83.00838,"city":"Columbus","room_type":"Private room","label":1,"price":24,"KNN_predic":62.48,"GB_predict":52.74,"LR_predict":61.92,"RF_Predict":52.42,"DT_Predict":29}},{"type":"Point","coordinates":[-83.00892,39.97709],"properties":{"id":18735741,"latitude":39.97709,"longitude":-83.00892,"city":"Columbus","room_type":"Private room","label":1,"price":89,"KNN_predic":56.76,"GB_predict":86.2,"LR_predict":67.98,"RF_Predict":68.2,"DT_Predict":129}},{"type":"Point","coordinates":[-82.91436,39.93966],"properties":{"id":18768075,"latitude":39.93966,"longitude":-82.91436,"city":"Columbus","room_type":"Entire home/apt","label":1,"price":110,"KNN_predic":128.59,"GB_predict":140.7,"LR_predict":123.79,"RF_Predict":122.22,"DT_Predict":106}},{"type":"Point","coordinates":[-83.00951,39.978],"properties":{"id":18930516,"latitude":39.978,"longitude":-83.00951,"city":"Columbus","room_type":"Entire home/apt","label":1,"price":109,"KNN_predic":116.6,"GB_predict":134.12,"LR_predict":121.51,"RF_Predict":120.52,"DT_Predict":156}},{"type":"Point","coordinates":[-82.99742,39.94123],"properties":{"id":19182076,"latitude":39.94123,"longitude":-82.99742,"city":"Columbus","room_type":"Entire home/apt","label":0,"price":150,"KNN_predic":133.2,"GB_predict":134.71,"LR_predict":135.44,"RF_Predict":136.32,"DT_Predict":125}},{"type":"Point","coordinates":[-83.00159,40.01257],"properties":{"id":19183032,"latitude":40.01257,"longitude":-83.00159,"city":"Columbus","room_type":"Private room","label":1,"price":81,"KNN_predic":98.9,"GB_predict":82.45,"LR_predict":121.77,"RF_Predict":86.75,"DT_Predict":84}},{"type":"Point","coordinates":[-83.00159,40.01257],"properties":{"id":19183954,"latitude":40.01257,"longitude":-83.00159,"city":"Columbus","room_type":"Private room","label":0,"price":129,"KNN_predic":100.97,"GB_predict":85.33,"LR_predict":133.4,"RF_Predict":91.85,"DT_Predict":68}},{"type":"Point","coordinates":[-82.99985,40.01132],"properties":{"id":19328258,"latitude":40.01132,"longitude":-82.99985,"city":"Columbus","room_type":"Private room","label":1,"price":36,"KNN_predic":62.47,"GB_predict":76.26,"LR_predict":61.88,"RF_Predict":70.62,"DT_Predict":29}},{"type":"Point","coordinates":[-82.92331,39.9645],"properties":{"id":19768209,"latitude":39.9645,"longitude":-82.92331,"city":"Columbus","room_type":"Private room","label":1,"price":65,"KNN_predic":60.79,"GB_predict":101.79,"LR_predict":85.05,"RF_Predict":107.58,"DT_Predict":40}},{"type":"Point","coordinates":[-82.99409,39.95784],"properties":{"id":19859814,"latitude":39.95784,"longitude":-82.99409,"city":"Columbus","room_type":"Entire home/apt","label":1,"price":100,"KNN_predic":97.84,"GB_predict":94.37,"LR_predict":79.41,"RF_Predict":92.9,"DT_Predict":100}},{"type":"Point","coordinates":[-82.94909,39.9759],"properties":{"id":20015830,"latitude":39.9759,"longitude":-82.94909,"city":"Columbus","room_type":"Private room","label":1,"price":41,"KNN_predic":46.76,"GB_predict":39.43,"LR_predict":51.52,"RF_Predict":40.35,"DT_Predict":37}},{"type":"Point","coordinates":[-82.98397,39.93006],"properties":{"id":20132677,"latitude":39.93006,"longitude":-82.98397,"city":"Columbus","room_type":"Entire home/apt","label":0,"price":172,"KNN_predic":129.36,"GB_predict":103.23,"LR_predict":129.49,"RF_Predict":120.78,"DT_Predict":78}},{"type":"Point","coordinates":[-83.07181,40.10763],"properties":{"id":20394599,"latitude":40.10763,"longitude":-83.07181,"city":"Columbus","room_type":"Private room","label":1,"price":46,"KNN_predic":64.02,"GB_predict":70.8,"LR_predict":111.53,"RF_Predict":85.1,"DT_Predict":98}},{"type":"Point","coordinates":[-83.07118,40.10891],"properties":{"id":20451291,"latitude":40.10891,"longitude":-83.07118,"city":"Columbus","room_type":"Private room","label":1,"price":37,"KNN_predic":43.48,"GB_predict":25.35,"LR_predict":46.36,"RF_Predict":50.32,"DT_Predict":98}},{"type":"Point","coordinates":[-83.17463,40.06173],"properties":{"id":20674936,"latitude":40.06173,"longitude":-83.17463,"city":"Columbus","room_type":"Private room","label":1,"price":48,"KNN_predic":76.54,"GB_predict":69.92,"LR_predict":55.24,"RF_Predict":72.05,"DT_Predict":52}},{"type":"Point","coordinates":[-83.01309,39.98181],"properties":{"id":21526768,"latitude":39.98181,"longitude":-83.01309,"city":"Columbus","room_type":"Entire home/apt","label":2,"price":372,"KNN_predic":194.89,"GB_predict":205.5,"LR_predict":248.3,"RF_Predict":234.28,"DT_Predict":345}},{"type":"Point","coordinates":[-83.03118,39.95627],"properties":{"id":21625739,"latitude":39.95627,"longitude":-83.03118,"city":"Columbus","room_type":"Entire home/apt","label":1,"price":80,"KNN_predic":99.61,"GB_predict":79.84,"LR_predict":80.53,"RF_Predict":99,"DT_Predict":80}},{"type":"Point","coordinates":[-82.94307,40.08661],"properties":{"id":21923738,"latitude":40.08661,"longitude":-82.94307,"city":"Columbus","room_type":"Private room","label":1,"price":35,"KNN_predic":42.93,"GB_predict":88.24,"LR_predict":23.51,"RF_Predict":85.32,"DT_Predict":200}},{"type":"Point","coordinates":[-82.99682,39.98962],"properties":{"id":22016352,"latitude":39.98962,"longitude":-82.99682,"city":"Columbus","room_type":"Entire home/apt","label":0,"price":114,"KNN_predic":112.42,"GB_predict":119.02,"LR_predict":126.49,"RF_Predict":121.18,"DT_Predict":114}},{"type":"Point","coordinates":[-82.94769,39.97426],"properties":{"id":22120473,"latitude":39.97426,"longitude":-82.94769,"city":"Columbus","room_type":"Private room","label":1,"price":31,"KNN_predic":44.92,"GB_predict":44.77,"LR_predict":39.79,"RF_Predict":39.45,"DT_Predict":33}},{"type":"Point","coordinates":[-82.99934,39.9915],"properties":{"id":22152555,"latitude":39.9915,"longitude":-82.99934,"city":"Columbus","room_type":"Entire home/apt","label":1,"price":106,"KNN_predic":120.88,"GB_predict":128.82,"LR_predict":131.06,"RF_Predict":131.52,"DT_Predict":148}},{"type":"Point","coordinates":[-83.00903,40.07422],"properties":{"id":22701184,"latitude":40.07422,"longitude":-83.00903,"city":"Columbus","room_type":"Entire home/apt","label":0,"price":126,"KNN_predic":137.48,"GB_predict":132.82,"LR_predict":134.07,"RF_Predict":147.72,"DT_Predict":126}},{"type":"Point","coordinates":[-83.03458,39.98693],"properties":{"id":22829374,"latitude":39.98693,"longitude":-83.03458,"city":"Columbus","room_type":"Entire home/apt","label":1,"price":81,"KNN_predic":82.69,"GB_predict":84.86,"LR_predict":105.89,"RF_Predict":82.98,"DT_Predict":76}},{"type":"Point","coordinates":[-83.01181,40.03127],"properties":{"id":23004939,"latitude":40.03127,"longitude":-83.01181,"city":"Columbus","room_type":"Entire home/apt","label":0,"price":176,"KNN_predic":165.43,"GB_predict":204.23,"LR_predict":163.64,"RF_Predict":206.08,"DT_Predict":120}},{"type":"Point","coordinates":[-82.99808,39.98344],"properties":{"id":23005234,"latitude":39.98344,"longitude":-82.99808,"city":"Columbus","room_type":"Entire home/apt","label":0,"price":141,"KNN_predic":144.82,"GB_predict":159.48,"LR_predict":158.99,"RF_Predict":148.32,"DT_Predict":218}},{"type":"Point","coordinates":[-83.01152,39.99045],"properties":{"id":23469529,"latitude":39.99045,"longitude":-83.01152,"city":"Columbus","room_type":"Entire home/apt","label":1,"price":61,"KNN_predic":97.44,"GB_predict":53.19,"LR_predict":69.43,"RF_Predict":83.4,"DT_Predict":102}},{"type":"Point","coordinates":[-82.99059,39.94004],"properties":{"id":23729423,"latitude":39.94004,"longitude":-82.99059,"city":"Columbus","room_type":"Entire home/apt","label":0,"price":181,"KNN_predic":112.85,"GB_predict":122.21,"LR_predict":113.8,"RF_Predict":118.48,"DT_Predict":90}},{"type":"Point","coordinates":[-82.98884,39.98304],"properties":{"id":24244786,"latitude":39.98304,"longitude":-82.98884,"city":"Columbus","room_type":"Entire home/apt","label":0,"price":115,"KNN_predic":119.78,"GB_predict":110.47,"LR_predict":141.34,"RF_Predict":114.78,"DT_Predict":113}},{"type":"Point","coordinates":[-83.07628,39.99757],"properties":{"id":24310258,"latitude":39.99757,"longitude":-83.07628,"city":"Columbus","room_type":"Private room","label":0,"price":168,"KNN_predic":70.21,"GB_predict":161.05,"LR_predict":127.8,"RF_Predict":150.6,"DT_Predict":75}},{"type":"Point","coordinates":[-83.01243,40.03959],"properties":{"id":24648483,"latitude":40.03959,"longitude":-83.01243,"city":"Columbus","room_type":"Entire home/apt","label":0,"price":140,"KNN_predic":155.25,"GB_predict":142.18,"LR_predict":133.17,"RF_Predict":161.3,"DT_Predict":95}},{"type":"Point","coordinates":[-83.03508,39.98745],"properties":{"id":24943318,"latitude":39.98745,"longitude":-83.03508,"city":"Columbus","room_type":"Entire home/apt","label":1,"price":98,"KNN_predic":86.12,"GB_predict":94.7,"LR_predict":106.03,"RF_Predict":82.3,"DT_Predict":76}},{"type":"Point","coordinates":[-82.98683,39.951],"properties":{"id":24969919,"latitude":39.951,"longitude":-82.98683,"city":"Columbus","room_type":"Entire home/apt","label":1,"price":82,"KNN_predic":81.28,"GB_predict":91.95,"LR_predict":138.69,"RF_Predict":88.88,"DT_Predict":81}},{"type":"Point","coordinates":[-82.99409,40.04448],"properties":{"id":25033320,"latitude":40.04448,"longitude":-82.99409,"city":"Columbus","room_type":"Entire home/apt","label":0,"price":121,"KNN_predic":147.29,"GB_predict":143.47,"LR_predict":161.81,"RF_Predict":152.8,"DT_Predict":164}},{"type":"Point","coordinates":[-82.96008,39.94922],"properties":{"id":25422868,"latitude":39.94922,"longitude":-82.96008,"city":"Columbus","room_type":"Entire home/apt","label":0,"price":148,"KNN_predic":134.61,"GB_predict":122.43,"LR_predict":139.79,"RF_Predict":110.95,"DT_Predict":125}},{"type":"Point","coordinates":[-83.0047,39.97729],"properties":{"id":25888781,"latitude":39.97729,"longitude":-83.0047,"city":"Columbus","room_type":"Entire home/apt","label":0,"price":141,"KNN_predic":108,"GB_predict":113.69,"LR_predict":114.03,"RF_Predict":101.58,"DT_Predict":60}},{"type":"Point","coordinates":[-83.0081,40.00613],"properties":{"id":26182703,"latitude":40.00613,"longitude":-83.0081,"city":"Columbus","room_type":"Private room","label":1,"price":52,"KNN_predic":73.51,"GB_predict":49.08,"LR_predict":61.24,"RF_Predict":49.88,"DT_Predict":60}},{"type":"Point","coordinates":[-83.01169,39.98881],"properties":{"id":26428080,"latitude":39.98881,"longitude":-83.01169,"city":"Columbus","room_type":"Private room","label":1,"price":60,"KNN_predic":50.85,"GB_predict":35.72,"LR_predict":88.19,"RF_Predict":49.5,"DT_Predict":75}},{"type":"Point","coordinates":[-83.03448,40.02146],"properties":{"id":27083994,"latitude":40.02146,"longitude":-83.03448,"city":"Columbus","room_type":"Private room","label":1,"price":45,"KNN_predic":46.92,"GB_predict":48.92,"LR_predict":70.18,"RF_Predict":43.25,"DT_Predict":43}},{"type":"Point","coordinates":[-82.96658,39.96389],"properties":{"id":27404813,"latitude":39.96389,"longitude":-82.96658,"city":"Columbus","room_type":"Entire home/apt","label":1,"price":92,"KNN_predic":91.11,"GB_predict":80.19,"LR_predict":85.13,"RF_Predict":84.22,"DT_Predict":80}},{"type":"Point","coordinates":[-83.01238,39.9816],"properties":{"id":27413732,"latitude":39.9816,"longitude":-83.01238,"city":"Columbus","room_type":"Entire home/apt","label":0,"price":178,"KNN_predic":209.08,"GB_predict":232.3,"LR_predict":184.19,"RF_Predict":237.22,"DT_Predict":194}},{"type":"Point","coordinates":[-83.11741,40.07451],"properties":{"id":27492620,"latitude":40.07451,"longitude":-83.11741,"city":"Columbus","room_type":"Private room","label":1,"price":78,"KNN_predic":48.35,"GB_predict":60.78,"LR_predict":54.89,"RF_Predict":68.97,"DT_Predict":50}},{"type":"Point","coordinates":[-82.96556,39.96317],"properties":{"id":27582713,"latitude":39.96317,"longitude":-82.96556,"city":"Columbus","room_type":"Entire home/apt","label":1,"price":113,"KNN_predic":84.77,"GB_predict":85.35,"LR_predict":97.92,"RF_Predict":88.88,"DT_Predict":95}},{"type":"Point","coordinates":[-82.82324,39.92546],"properties":{"id":27656689,"latitude":39.92546,"longitude":-82.82324,"city":"Columbus","room_type":"Entire home/apt","label":3,"price":229,"KNN_predic":121.39,"GB_predict":112.02,"LR_predict":123.1,"RF_Predict":105.92,"DT_Predict":120}},{"type":"Point","coordinates":[-82.95591,39.96393],"properties":{"id":27720723,"latitude":39.96393,"longitude":-82.95591,"city":"Columbus","room_type":"Private room","label":0,"price":140,"KNN_predic":76.59,"GB_predict":127.09,"LR_predict":114.37,"RF_Predict":108.3,"DT_Predict":125}},{"type":"Point","coordinates":[-83.01063,39.9858],"properties":{"id":27927319,"latitude":39.9858,"longitude":-83.01063,"city":"Columbus","room_type":"Entire home/apt","label":1,"price":103,"KNN_predic":126.52,"GB_predict":145.92,"LR_predict":146.77,"RF_Predict":169.38,"DT_Predict":322}},{"type":"Point","coordinates":[-82.99905,40.00843],"properties":{"id":27961439,"latitude":40.00843,"longitude":-82.99905,"city":"Columbus","room_type":"Private room","label":1,"price":49,"KNN_predic":138.2,"GB_predict":62.87,"LR_predict":88.23,"RF_Predict":62.62,"DT_Predict":51}},{"type":"Point","coordinates":[-82.98516,40.07186],"properties":{"id":28130969,"latitude":40.07186,"longitude":-82.98516,"city":"Columbus","room_type":"Private room","label":1,"price":40,"KNN_predic":45.99,"GB_predict":43.32,"LR_predict":52.01,"RF_Predict":53.6,"DT_Predict":45}},{"type":"Point","coordinates":[-82.96539,39.96369],"properties":{"id":28198124,"latitude":39.96369,"longitude":-82.96539,"city":"Columbus","room_type":"Entire home/apt","label":1,"price":70,"KNN_predic":86.97,"GB_predict":80.78,"LR_predict":78.97,"RF_Predict":85.65,"DT_Predict":80}},{"type":"Point","coordinates":[-82.96669,39.96531],"properties":{"id":28255531,"latitude":39.96531,"longitude":-82.96669,"city":"Columbus","room_type":"Entire home/apt","label":1,"price":96,"KNN_predic":85.21,"GB_predict":80.19,"LR_predict":97.6,"RF_Predict":84.9,"DT_Predict":92}},{"type":"Point","coordinates":[-82.96715,39.96364],"properties":{"id":28256046,"latitude":39.96364,"longitude":-82.96715,"city":"Columbus","room_type":"Entire home/apt","label":1,"price":81,"KNN_predic":90.41,"GB_predict":81.85,"LR_predict":85.62,"RF_Predict":86.25,"DT_Predict":92}},{"type":"Point","coordinates":[-82.99943,39.95435],"properties":{"id":28577094,"latitude":39.95435,"longitude":-82.99943,"city":"Columbus","room_type":"Entire home/apt","label":3,"price":233,"KNN_predic":141.54,"GB_predict":166.01,"LR_predict":136.2,"RF_Predict":160.52,"DT_Predict":93}},{"type":"Point","coordinates":[-83.04083,39.99097],"properties":{"id":28640445,"latitude":39.99097,"longitude":-83.04083,"city":"Columbus","room_type":"Entire home/apt","label":1,"price":69,"KNN_predic":109.58,"GB_predict":109.84,"LR_predict":125.18,"RF_Predict":107.22,"DT_Predict":91}},{"type":"Point","coordinates":[-82.99854,39.98378],"properties":{"id":28840502,"latitude":39.98378,"longitude":-82.99854,"city":"Columbus","room_type":"Entire home/apt","label":0,"price":128,"KNN_predic":109.26,"GB_predict":103.2,"LR_predict":115.67,"RF_Predict":102.92,"DT_Predict":88}},{"type":"Point","coordinates":[-82.99256,40.02967],"properties":{"id":29060807,"latitude":40.02967,"longitude":-82.99256,"city":"Columbus","room_type":"Private room","label":1,"price":47,"KNN_predic":44.37,"GB_predict":38.41,"LR_predict":31.98,"RF_Predict":43.3,"DT_Predict":44}},{"type":"Point","coordinates":[-83.00232,40.01804],"properties":{"id":29133248,"latitude":40.01804,"longitude":-83.00232,"city":"Columbus","room_type":"Entire home/apt","label":1,"price":71,"KNN_predic":82.39,"GB_predict":77.07,"LR_predict":96.99,"RF_Predict":72.12,"DT_Predict":75}},{"type":"Point","coordinates":[-82.97382,39.96648],"properties":{"id":29361858,"latitude":39.96648,"longitude":-82.97382,"city":"Columbus","room_type":"Private room","label":1,"price":100,"KNN_predic":60.56,"GB_predict":120.78,"LR_predict":65.78,"RF_Predict":95,"DT_Predict":50}},{"type":"Point","coordinates":[-83.06041,39.90372],"properties":{"id":29420068,"latitude":39.90372,"longitude":-83.06041,"city":"Columbus","room_type":"Entire home/apt","label":0,"price":124,"KNN_predic":127.04,"GB_predict":127.41,"LR_predict":139.86,"RF_Predict":155.25,"DT_Predict":235}},{"type":"Point","coordinates":[-83.01286,40.06509],"properties":{"id":29752166,"latitude":40.06509,"longitude":-83.01286,"city":"Columbus","room_type":"Entire home/apt","label":0,"price":123,"KNN_predic":111.42,"GB_predict":122.16,"LR_predict":132.83,"RF_Predict":128.65,"DT_Predict":117}},{"type":"Point","coordinates":[-82.96752,39.96529],"properties":{"id":29829290,"latitude":39.96529,"longitude":-82.96752,"city":"Columbus","room_type":"Entire home/apt","label":1,"price":105,"KNN_predic":86.59,"GB_predict":81.31,"LR_predict":98.03,"RF_Predict":87.62,"DT_Predict":92}},{"type":"Point","coordinates":[-83.00322,39.97905],"properties":{"id":29897961,"latitude":39.97905,"longitude":-83.00322,"city":"Columbus","room_type":"Entire home/apt","label":1,"price":50,"KNN_predic":98.74,"GB_predict":102.62,"LR_predict":110.29,"RF_Predict":83.98,"DT_Predict":151}},{"type":"Point","coordinates":[-83.0278,39.95644],"properties":{"id":30015912,"latitude":39.95644,"longitude":-83.0278,"city":"Columbus","room_type":"Entire home/apt","label":0,"price":122,"KNN_predic":130.44,"GB_predict":125.65,"LR_predict":113.78,"RF_Predict":128,"DT_Predict":220}},{"type":"Point","coordinates":[-82.9966,39.98356],"properties":{"id":30127881,"latitude":39.98356,"longitude":-82.9966,"city":"Columbus","room_type":"Entire home/apt","label":1,"price":106,"KNN_predic":104.89,"GB_predict":98.96,"LR_predict":117.15,"RF_Predict":107.82,"DT_Predict":98}},{"type":"Point","coordinates":[-82.97323,39.95005],"properties":{"id":30786971,"latitude":39.95005,"longitude":-82.97323,"city":"Columbus","room_type":"Entire home/apt","label":1,"price":95,"KNN_predic":102.59,"GB_predict":97.28,"LR_predict":114.21,"RF_Predict":92.8,"DT_Predict":85}},{"type":"Point","coordinates":[-82.92051,40.00911],"properties":{"id":30886543,"latitude":40.00911,"longitude":-82.92051,"city":"Columbus","room_type":"Private room","label":1,"price":38,"KNN_predic":48.21,"GB_predict":36.79,"LR_predict":57.35,"RF_Predict":43.8,"DT_Predict":33}},{"type":"Point","coordinates":[-82.9175,39.97154],"properties":{"id":31836589,"latitude":39.97154,"longitude":-82.9175,"city":"Columbus","room_type":"Entire home/apt","label":1,"price":78,"KNN_predic":128.1,"GB_predict":124.38,"LR_predict":125.92,"RF_Predict":148.82,"DT_Predict":173}},{"type":"Point","coordinates":[-83.0679,40.07166],"properties":{"id":31858701,"latitude":40.07166,"longitude":-83.0679,"city":"Columbus","room_type":"Entire home/apt","label":3,"price":236,"KNN_predic":213.61,"GB_predict":240.66,"LR_predict":239.98,"RF_Predict":223.55,"DT_Predict":159}},{"type":"Point","coordinates":[-82.99539,39.93712],"properties":{"id":31960228,"latitude":39.93712,"longitude":-82.99539,"city":"Columbus","room_type":"Entire home/apt","label":1,"price":88,"KNN_predic":161.23,"GB_predict":130.56,"LR_predict":158.23,"RF_Predict":156.15,"DT_Predict":99}},{"type":"Point","coordinates":[-82.98872,39.94263],"properties":{"id":32007772,"latitude":39.94263,"longitude":-82.98872,"city":"Columbus","room_type":"Private room","label":1,"price":65,"KNN_predic":65.71,"GB_predict":86.28,"LR_predict":90.66,"RF_Predict":79.35,"DT_Predict":75}},{"type":"Point","coordinates":[-83.00321,39.97696],"properties":{"id":32214853,"latitude":39.97696,"longitude":-83.00321,"city":"Columbus","room_type":"Entire home/apt","label":1,"price":72,"KNN_predic":105.24,"GB_predict":85.81,"LR_predict":84.67,"RF_Predict":90.45,"DT_Predict":99}},{"type":"Point","coordinates":[-82.96613,39.96878],"properties":{"id":32224329,"latitude":39.96878,"longitude":-82.96613,"city":"Columbus","room_type":"Entire home/apt","label":1,"price":99,"KNN_predic":102.53,"GB_predict":90.85,"LR_predict":102.48,"RF_Predict":87.72,"DT_Predict":86}},{"type":"Point","coordinates":[-82.98877,39.99372],"properties":{"id":32635192,"latitude":39.99372,"longitude":-82.98877,"city":"Columbus","room_type":"Entire home/apt","label":0,"price":122,"KNN_predic":121.25,"GB_predict":123.19,"LR_predict":110.88,"RF_Predict":120.62,"DT_Predict":125}},{"type":"Point","coordinates":[-82.97656,39.96142],"properties":{"id":32814973,"latitude":39.96142,"longitude":-82.97656,"city":"Columbus","room_type":"Entire home/apt","label":1,"price":60,"KNN_predic":87.39,"GB_predict":86.47,"LR_predict":86.03,"RF_Predict":78.2,"DT_Predict":92}},{"type":"Point","coordinates":[-83.00371,39.97769],"properties":{"id":32849111,"latitude":39.97769,"longitude":-83.00371,"city":"Columbus","room_type":"Entire home/apt","label":1,"price":50,"KNN_predic":93.43,"GB_predict":60.95,"LR_predict":84.46,"RF_Predict":75.72,"DT_Predict":69}},{"type":"Point","coordinates":[-83.07649,40.06885],"properties":{"id":33290325,"latitude":40.06885,"longitude":-83.07649,"city":"Columbus","room_type":"Entire home/apt","label":0,"price":125,"KNN_predic":161.91,"GB_predict":178.62,"LR_predict":166.33,"RF_Predict":179.5,"DT_Predict":70}},{"type":"Point","coordinates":[-82.99405,39.93695],"properties":{"id":33688809,"latitude":39.93695,"longitude":-82.99405,"city":"Columbus","room_type":"Entire home/apt","label":0,"price":165,"KNN_predic":162.32,"GB_predict":163.46,"LR_predict":164.74,"RF_Predict":176.58,"DT_Predict":163}},{"type":"Point","coordinates":[-82.96734,39.94541],"properties":{"id":33774662,"latitude":39.94541,"longitude":-82.96734,"city":"Columbus","room_type":"Private room","label":1,"price":55,"KNN_predic":42.07,"GB_predict":40.19,"LR_predict":53.62,"RF_Predict":38.35,"DT_Predict":41}},{"type":"Point","coordinates":[-82.99283,39.99897],"properties":{"id":33796907,"latitude":39.99897,"longitude":-82.99283,"city":"Columbus","room_type":"Entire home/apt","label":1,"price":91,"KNN_predic":102.66,"GB_predict":125.19,"LR_predict":91.26,"RF_Predict":109.22,"DT_Predict":98}},{"type":"Point","coordinates":[-82.99929,39.95702],"properties":{"id":33867274,"latitude":39.95702,"longitude":-82.99929,"city":"Columbus","room_type":"Entire home/apt","label":1,"price":99,"KNN_predic":97.06,"GB_predict":96.93,"LR_predict":107.24,"RF_Predict":101,"DT_Predict":99}},{"type":"Point","coordinates":[-82.96812,39.9559],"properties":{"id":34063381,"latitude":39.9559,"longitude":-82.96812,"city":"Columbus","room_type":"Entire home/apt","label":1,"price":106,"KNN_predic":98.95,"GB_predict":98.52,"LR_predict":111.22,"RF_Predict":105.85,"DT_Predict":97}},{"type":"Point","coordinates":[-82.99995,39.95791],"properties":{"id":34242944,"latitude":39.95791,"longitude":-82.99995,"city":"Columbus","room_type":"Entire home/apt","label":1,"price":104,"KNN_predic":100.48,"GB_predict":102.67,"LR_predict":95.3,"RF_Predict":103.1,"DT_Predict":103}},{"type":"Point","coordinates":[-82.98416,39.96252],"properties":{"id":34246413,"latitude":39.96252,"longitude":-82.98416,"city":"Columbus","room_type":"Entire home/apt","label":0,"price":189,"KNN_predic":177.9,"GB_predict":159.49,"LR_predict":216.67,"RF_Predict":165.45,"DT_Predict":83}},{"type":"Point","coordinates":[-82.99995,39.95791],"properties":{"id":34286051,"latitude":39.95791,"longitude":-82.99995,"city":"Columbus","room_type":"Entire home/apt","label":1,"price":104,"KNN_predic":97.4,"GB_predict":92.76,"LR_predict":94.76,"RF_Predict":100.86,"DT_Predict":104}},{"type":"Point","coordinates":[-82.96762,40.09994],"properties":{"id":34442208,"latitude":40.09994,"longitude":-82.96762,"city":"Columbus","room_type":"Entire home/apt","label":1,"price":70,"KNN_predic":103.24,"GB_predict":101.85,"LR_predict":85.51,"RF_Predict":100,"DT_Predict":132}},{"type":"Point","coordinates":[-83.00082,40.01576],"properties":{"id":34746860,"latitude":40.01576,"longitude":-83.00082,"city":"Columbus","room_type":"Entire home/apt","label":1,"price":104,"KNN_predic":84.33,"GB_predict":66.87,"LR_predict":91.9,"RF_Predict":62.48,"DT_Predict":138}},{"type":"Point","coordinates":[-83.01358,39.96077],"properties":{"id":34966217,"latitude":39.96077,"longitude":-83.01358,"city":"Columbus","room_type":"Entire home/apt","label":1,"price":100,"KNN_predic":102.03,"GB_predict":89.4,"LR_predict":96.42,"RF_Predict":106.18,"DT_Predict":113}},{"type":"Point","coordinates":[-82.99805,39.99712],"properties":{"id":35223461,"latitude":39.99712,"longitude":-82.99805,"city":"Columbus","room_type":"Entire home/apt","label":1,"price":94,"KNN_predic":92.71,"GB_predict":95.92,"LR_predict":110.85,"RF_Predict":99.65,"DT_Predict":84}},{"type":"Point","coordinates":[-83.01358,39.96077],"properties":{"id":35235545,"latitude":39.96077,"longitude":-83.01358,"city":"Columbus","room_type":"Entire home/apt","label":1,"price":100,"KNN_predic":101.87,"GB_predict":89.85,"LR_predict":96.46,"RF_Predict":106.18,"DT_Predict":113}},{"type":"Point","coordinates":[-83.00428,39.97657],"properties":{"id":35286556,"latitude":39.97657,"longitude":-83.00428,"city":"Columbus","room_type":"Entire home/apt","label":1,"price":55,"KNN_predic":93,"GB_predict":63.38,"LR_predict":83.78,"RF_Predict":70.55,"DT_Predict":61}},{"type":"Point","coordinates":[-82.96272,39.96527],"properties":{"id":35311902,"latitude":39.96527,"longitude":-82.96272,"city":"Columbus","room_type":"Entire home/apt","label":1,"price":67,"KNN_predic":85.81,"GB_predict":92.76,"LR_predict":92.43,"RF_Predict":80.62,"DT_Predict":99}},{"type":"Point","coordinates":[-83.00502,39.98692],"properties":{"id":35564833,"latitude":39.98692,"longitude":-83.00502,"city":"Columbus","room_type":"Entire home/apt","label":1,"price":81,"KNN_predic":144.95,"GB_predict":134.67,"LR_predict":154.63,"RF_Predict":164.48,"DT_Predict":81}},{"type":"Point","coordinates":[-82.97745,39.96291],"properties":{"id":35716859,"latitude":39.96291,"longitude":-82.97745,"city":"Columbus","room_type":"Entire home/apt","label":1,"price":99,"KNN_predic":128.08,"GB_predict":186.03,"LR_predict":136.29,"RF_Predict":166.6,"DT_Predict":201}},{"type":"Point","coordinates":[-82.99929,39.95702],"properties":{"id":35718762,"latitude":39.95702,"longitude":-82.99929,"city":"Columbus","room_type":"Entire home/apt","label":1,"price":99,"KNN_predic":99,"GB_predict":96.93,"LR_predict":107.16,"RF_Predict":100.32,"DT_Predict":99}},{"type":"Point","coordinates":[-83.01119,39.98714],"properties":{"id":35842291,"latitude":39.98714,"longitude":-83.01119,"city":"Columbus","room_type":"Entire home/apt","label":1,"price":106,"KNN_predic":115.91,"GB_predict":138.74,"LR_predict":129.33,"RF_Predict":146.98,"DT_Predict":446}},{"type":"Point","coordinates":[-83.01353,39.98049],"properties":{"id":35916240,"latitude":39.98049,"longitude":-83.01353,"city":"Columbus","room_type":"Entire home/apt","label":3,"price":315,"KNN_predic":269.41,"GB_predict":297.09,"LR_predict":282.72,"RF_Predict":315.38,"DT_Predict":345}},{"type":"Point","coordinates":[-83.01165,40.02266],"properties":{"id":36103872,"latitude":40.02266,"longitude":-83.01165,"city":"Columbus","room_type":"Entire home/apt","label":0,"price":128,"KNN_predic":163.62,"GB_predict":148.82,"LR_predict":186.92,"RF_Predict":160.7,"DT_Predict":151}},{"type":"Point","coordinates":[-82.99792,39.98463],"properties":{"id":36237730,"latitude":39.98463,"longitude":-82.99792,"city":"Columbus","room_type":"Entire home/apt","label":1,"price":79,"KNN_predic":107.37,"GB_predict":96.95,"LR_predict":105.55,"RF_Predict":103.88,"DT_Predict":110}},{"type":"Point","coordinates":[-83.00347,39.97467],"properties":{"id":36346074,"latitude":39.97467,"longitude":-83.00347,"city":"Columbus","room_type":"Entire home/apt","label":0,"price":166,"KNN_predic":102.59,"GB_predict":120.6,"LR_predict":114.04,"RF_Predict":126.6,"DT_Predict":164}},{"type":"Point","coordinates":[-82.96686,39.96906],"properties":{"id":36483168,"latitude":39.96906,"longitude":-82.96686,"city":"Columbus","room_type":"Entire home/apt","label":1,"price":96,"KNN_predic":96.78,"GB_predict":94.14,"LR_predict":94.23,"RF_Predict":99.4,"DT_Predict":145}},{"type":"Point","coordinates":[-82.96505,39.95912],"properties":{"id":36527731,"latitude":39.95912,"longitude":-82.96505,"city":"Columbus","room_type":"Entire home/apt","label":2,"price":340,"KNN_predic":277.72,"GB_predict":235.07,"LR_predict":247.92,"RF_Predict":276.95,"DT_Predict":97}},{"type":"Point","coordinates":[-82.93342,39.9461],"properties":{"id":36623510,"latitude":39.9461,"longitude":-82.93342,"city":"Columbus","room_type":"Entire home/apt","label":0,"price":180,"KNN_predic":119.57,"GB_predict":126.4,"LR_predict":108.69,"RF_Predict":118.72,"DT_Predict":228}},{"type":"Point","coordinates":[-82.98771,39.94808],"properties":{"id":36700443,"latitude":39.94808,"longitude":-82.98771,"city":"Columbus","room_type":"Entire home/apt","label":0,"price":144,"KNN_predic":185.46,"GB_predict":181.83,"LR_predict":196.07,"RF_Predict":153.93,"DT_Predict":205}},{"type":"Point","coordinates":[-82.98771,39.94808],"properties":{"id":36761915,"latitude":39.94808,"longitude":-82.98771,"city":"Columbus","room_type":"Entire home/apt","label":1,"price":105,"KNN_predic":92.75,"GB_predict":99.2,"LR_predict":94.86,"RF_Predict":102.85,"DT_Predict":76}},{"type":"Point","coordinates":[-82.97343,39.96048],"properties":{"id":36764786,"latitude":39.96048,"longitude":-82.97343,"city":"Columbus","room_type":"Entire home/apt","label":1,"price":94,"KNN_predic":86,"GB_predict":92.5,"LR_predict":86.26,"RF_Predict":94.82,"DT_Predict":99}},{"type":"Point","coordinates":[-83.00966,39.97397],"properties":{"id":36906538,"latitude":39.97397,"longitude":-83.00966,"city":"Columbus","room_type":"Entire home/apt","label":0,"price":139,"KNN_predic":121.64,"GB_predict":112.24,"LR_predict":122,"RF_Predict":115.42,"DT_Predict":128}},{"type":"Point","coordinates":[-82.98268,40.06449],"properties":{"id":36946349,"latitude":40.06449,"longitude":-82.98268,"city":"Columbus","room_type":"Private room","label":1,"price":35,"KNN_predic":34.02,"GB_predict":34.44,"LR_predict":36.76,"RF_Predict":37.7,"DT_Predict":34}},{"type":"Point","coordinates":[-82.92128,39.98066],"properties":{"id":37122918,"latitude":39.98066,"longitude":-82.92128,"city":"Columbus","room_type":"Entire home/apt","label":1,"price":85,"KNN_predic":97.46,"GB_predict":109.59,"LR_predict":115.96,"RF_Predict":100.9,"DT_Predict":113}},{"type":"Point","coordinates":[-82.99921,39.98554],"properties":{"id":37154893,"latitude":39.98554,"longitude":-82.99921,"city":"Columbus","room_type":"Entire home/apt","label":1,"price":95,"KNN_predic":102.85,"GB_predict":95.85,"LR_predict":116.56,"RF_Predict":99.65,"DT_Predict":112}},{"type":"Point","coordinates":[-82.99915,39.98502],"properties":{"id":37155054,"latitude":39.98502,"longitude":-82.99915,"city":"Columbus","room_type":"Entire home/apt","label":1,"price":102,"KNN_predic":104.08,"GB_predict":96.16,"LR_predict":116.43,"RF_Predict":102.52,"DT_Predict":112}},{"type":"Point","coordinates":[-82.97359,40.01902],"properties":{"id":37319402,"latitude":40.01902,"longitude":-82.97359,"city":"Columbus","room_type":"Private room","label":1,"price":80,"KNN_predic":44.14,"GB_predict":54.32,"LR_predict":31.96,"RF_Predict":46.82,"DT_Predict":25}},{"type":"Point","coordinates":[-82.98786,39.95128],"properties":{"id":37394149,"latitude":39.95128,"longitude":-82.98786,"city":"Columbus","room_type":"Entire home/apt","label":1,"price":98,"KNN_predic":118.92,"GB_predict":100.21,"LR_predict":144.72,"RF_Predict":97.78,"DT_Predict":81}},{"type":"Point","coordinates":[-82.93262,40.08567],"properties":{"id":37534191,"latitude":40.08567,"longitude":-82.93262,"city":"Columbus","room_type":"Private room","label":0,"price":200,"KNN_predic":84.81,"GB_predict":197.5,"LR_predict":113.17,"RF_Predict":212.78,"DT_Predict":200}},{"type":"Point","coordinates":[-82.96007,39.95204],"properties":{"id":37597051,"latitude":39.95204,"longitude":-82.96007,"city":"Columbus","room_type":"Entire home/apt","label":0,"price":140,"KNN_predic":161.71,"GB_predict":140.12,"LR_predict":158.92,"RF_Predict":136.62,"DT_Predict":129}},{"type":"Point","coordinates":[-83.03224,40.07164],"properties":{"id":37658711,"latitude":40.07164,"longitude":-83.03224,"city":"Columbus","room_type":"Entire home/apt","label":0,"price":164,"KNN_predic":99.63,"GB_predict":114.63,"LR_predict":108.39,"RF_Predict":109.55,"DT_Predict":86}},{"type":"Point","coordinates":[-82.99776,40.00391],"properties":{"id":37858782,"latitude":40.00391,"longitude":-82.99776,"city":"Columbus","room_type":"Private room","label":1,"price":55,"KNN_predic":86.38,"GB_predict":67.36,"LR_predict":29.19,"RF_Predict":67.88,"DT_Predict":36}},{"type":"Point","coordinates":[-82.93216,40.08619],"properties":{"id":38047463,"latitude":40.08619,"longitude":-82.93216,"city":"Columbus","room_type":"Entire home/apt","label":0,"price":180,"KNN_predic":161.18,"GB_predict":249.19,"LR_predict":190.95,"RF_Predict":223.9,"DT_Predict":212}},{"type":"Point","coordinates":[-83.00187,40.01176],"properties":{"id":38104661,"latitude":40.01176,"longitude":-83.00187,"city":"Columbus","room_type":"Private room","label":0,"price":195,"KNN_predic":133.21,"GB_predict":180.27,"LR_predict":87.05,"RF_Predict":179.6,"DT_Predict":195}},{"type":"Point","coordinates":[-83.00117,40.02938],"properties":{"id":38105561,"latitude":40.02938,"longitude":-83.00117,"city":"Columbus","room_type":"Entire home/apt","label":3,"price":209,"KNN_predic":197.42,"GB_predict":190,"LR_predict":177.08,"RF_Predict":181.2,"DT_Predict":120}},{"type":"Point","coordinates":[-83.00242,39.98639],"properties":{"id":38352416,"latitude":39.98639,"longitude":-83.00242,"city":"Columbus","room_type":"Entire home/apt","label":1,"price":96,"KNN_predic":106.9,"GB_predict":105.24,"LR_predict":100.01,"RF_Predict":114.88,"DT_Predict":138}},{"type":"Point","coordinates":[-83.01581,39.98871],"properties":{"id":38359601,"latitude":39.98871,"longitude":-83.01581,"city":"Columbus","room_type":"Entire home/apt","label":1,"price":81,"KNN_predic":90.38,"GB_predict":88.28,"LR_predict":100.71,"RF_Predict":84.72,"DT_Predict":91}},{"type":"Point","coordinates":[-83.00347,39.97467],"properties":{"id":38437430,"latitude":39.97467,"longitude":-83.00347,"city":"Columbus","room_type":"Entire home/apt","label":0,"price":127,"KNN_predic":107.66,"GB_predict":108.17,"LR_predict":113.18,"RF_Predict":117.32,"DT_Predict":116}},{"type":"Point","coordinates":[-82.98141,39.9731],"properties":{"id":38782309,"latitude":39.9731,"longitude":-82.98141,"city":"Columbus","room_type":"Entire home/apt","label":0,"price":185,"KNN_predic":190.62,"GB_predict":178.03,"LR_predict":209.01,"RF_Predict":197.52,"DT_Predict":168}},{"type":"Point","coordinates":[-82.98917,39.94116],"properties":{"id":38927976,"latitude":39.94116,"longitude":-82.98917,"city":"Columbus","room_type":"Entire home/apt","label":0,"price":145,"KNN_predic":113.02,"GB_predict":122.72,"LR_predict":101.7,"RF_Predict":111.48,"DT_Predict":90}},{"type":"Point","coordinates":[-83.00257,39.97603],"properties":{"id":39088000,"latitude":39.97603,"longitude":-83.00257,"city":"Columbus","room_type":"Entire home/apt","label":3,"price":225,"KNN_predic":124.19,"GB_predict":132.73,"LR_predict":123.43,"RF_Predict":142.4,"DT_Predict":144}},{"type":"Point","coordinates":[-82.98823,39.93924],"properties":{"id":39171253,"latitude":39.93924,"longitude":-82.98823,"city":"Columbus","room_type":"Entire home/apt","label":1,"price":77,"KNN_predic":126.09,"GB_predict":140.66,"LR_predict":123.4,"RF_Predict":122.62,"DT_Predict":250}},{"type":"Point","coordinates":[-82.96925,40.00926],"properties":{"id":39185417,"latitude":40.00926,"longitude":-82.96925,"city":"Columbus","room_type":"Entire home/apt","label":1,"price":76,"KNN_predic":117.6,"GB_predict":117.8,"LR_predict":124.25,"RF_Predict":125.1,"DT_Predict":82}},{"type":"Point","coordinates":[-83.00412,39.98173],"properties":{"id":39416332,"latitude":39.98173,"longitude":-83.00412,"city":"Columbus","room_type":"Entire home/apt","label":1,"price":104,"KNN_predic":111.2,"GB_predict":95.14,"LR_predict":116.8,"RF_Predict":106.55,"DT_Predict":109}},{"type":"Point","coordinates":[-83.0037,39.98307],"properties":{"id":39508087,"latitude":39.98307,"longitude":-83.0037,"city":"Columbus","room_type":"Entire home/apt","label":0,"price":199,"KNN_predic":210.11,"GB_predict":247.39,"LR_predict":186.56,"RF_Predict":244.32,"DT_Predict":120}},{"type":"Point","coordinates":[-82.96874,39.9563],"properties":{"id":39614346,"latitude":39.9563,"longitude":-82.96874,"city":"Columbus","room_type":"Entire home/apt","label":1,"price":103,"KNN_predic":98.32,"GB_predict":99.08,"LR_predict":109.83,"RF_Predict":105.58,"DT_Predict":109}},{"type":"Point","coordinates":[-82.96886,40.09904],"properties":{"id":39621898,"latitude":40.09904,"longitude":-82.96886,"city":"Columbus","room_type":"Entire home/apt","label":0,"price":175,"KNN_predic":267.13,"GB_predict":176.6,"LR_predict":243.73,"RF_Predict":261.23,"DT_Predict":126}},{"type":"Point","coordinates":[-83.00284,39.98578],"properties":{"id":39776708,"latitude":39.98578,"longitude":-83.00284,"city":"Columbus","room_type":"Entire home/apt","label":1,"price":74,"KNN_predic":103.93,"GB_predict":90.84,"LR_predict":105.19,"RF_Predict":94.48,"DT_Predict":100}},{"type":"Point","coordinates":[-83.00358,40.01313],"properties":{"id":39779380,"latitude":40.01313,"longitude":-83.00358,"city":"Columbus","room_type":"Private room","label":1,"price":32,"KNN_predic":86.04,"GB_predict":60.21,"LR_predict":85.81,"RF_Predict":71.8,"DT_Predict":39}},{"type":"Point","coordinates":[-83.00121,40.01355],"properties":{"id":39844129,"latitude":40.01355,"longitude":-83.00121,"city":"Columbus","room_type":"Private room","label":1,"price":32,"KNN_predic":63.39,"GB_predict":78.02,"LR_predict":82.4,"RF_Predict":90.6,"DT_Predict":33}},{"type":"Point","coordinates":[-82.99777,39.99484],"properties":{"id":40162695,"latitude":39.99484,"longitude":-82.99777,"city":"Columbus","room_type":"Entire home/apt","label":1,"price":94,"KNN_predic":107.17,"GB_predict":113.81,"LR_predict":125.03,"RF_Predict":117.65,"DT_Predict":137}},{"type":"Point","coordinates":[-83.01258,39.98582],"properties":{"id":40174638,"latitude":39.98582,"longitude":-83.01258,"city":"Columbus","room_type":"Entire home/apt","label":3,"price":271,"KNN_predic":158.93,"GB_predict":169.13,"LR_predict":170.29,"RF_Predict":178,"DT_Predict":118}},{"type":"Point","coordinates":[-83.00799,39.98134],"properties":{"id":40237026,"latitude":39.98134,"longitude":-83.00799,"city":"Columbus","room_type":"Entire home/apt","label":3,"price":309,"KNN_predic":206.68,"GB_predict":233.2,"LR_predict":226.72,"RF_Predict":259,"DT_Predict":236}},{"type":"Point","coordinates":[-82.99978,39.95822],"properties":{"id":40309696,"latitude":39.95822,"longitude":-82.99978,"city":"Columbus","room_type":"Entire home/apt","label":1,"price":96,"KNN_predic":98.58,"GB_predict":97.77,"LR_predict":107.21,"RF_Predict":102.98,"DT_Predict":108}},{"type":"Point","coordinates":[-83.00651,39.98665],"properties":{"id":40370326,"latitude":39.98665,"longitude":-83.00651,"city":"Columbus","room_type":"Entire home/apt","label":3,"price":228,"KNN_predic":159.05,"GB_predict":164.24,"LR_predict":168.1,"RF_Predict":165.3,"DT_Predict":137}},{"type":"Point","coordinates":[-83.00282,40.01105],"properties":{"id":40539832,"latitude":40.01105,"longitude":-83.00282,"city":"Columbus","room_type":"Private room","label":1,"price":32,"KNN_predic":83.27,"GB_predict":54.68,"LR_predict":86.58,"RF_Predict":46.72,"DT_Predict":32}},{"type":"Point","coordinates":[-83.00014,40.01243],"properties":{"id":40541560,"latitude":40.01243,"longitude":-83.00014,"city":"Columbus","room_type":"Private room","label":1,"price":32,"KNN_predic":131.47,"GB_predict":88.9,"LR_predict":87.56,"RF_Predict":111.02,"DT_Predict":113}},{"type":"Point","coordinates":[-82.95513,39.93239],"properties":{"id":40565293,"latitude":39.93239,"longitude":-82.95513,"city":"Columbus","room_type":"Private room","label":1,"price":34,"KNN_predic":46.63,"GB_predict":35.48,"LR_predict":32.8,"RF_Predict":40.72,"DT_Predict":67}},{"type":"Point","coordinates":[-83.04157,39.98778],"properties":{"id":40863088,"latitude":39.98778,"longitude":-83.04157,"city":"Columbus","room_type":"Entire home/apt","label":0,"price":146,"KNN_predic":115.32,"GB_predict":117.09,"LR_predict":134.61,"RF_Predict":120.25,"DT_Predict":226}},{"type":"Point","coordinates":[-83.01212,39.95503],"properties":{"id":40871398,"latitude":39.95503,"longitude":-83.01212,"city":"Columbus","room_type":"Entire home/apt","label":0,"price":119,"KNN_predic":126.05,"GB_predict":136.18,"LR_predict":140.19,"RF_Predict":129,"DT_Predict":115}},{"type":"Point","coordinates":[-82.99595,39.99529],"properties":{"id":41090934,"latitude":39.99529,"longitude":-82.99595,"city":"Columbus","room_type":"Entire home/apt","label":1,"price":95,"KNN_predic":90.88,"GB_predict":88.68,"LR_predict":104.58,"RF_Predict":94.5,"DT_Predict":94}},{"type":"Point","coordinates":[-82.99655,39.94709],"properties":{"id":41208199,"latitude":39.94709,"longitude":-82.99655,"city":"Columbus","room_type":"Entire home/apt","label":2,"price":497,"KNN_predic":257.74,"GB_predict":186.86,"LR_predict":315.46,"RF_Predict":239.7,"DT_Predict":235}},{"type":"Point","coordinates":[-83.01122,39.95684],"properties":{"id":41211391,"latitude":39.95684,"longitude":-83.01122,"city":"Columbus","room_type":"Entire home/apt","label":0,"price":119,"KNN_predic":119.01,"GB_predict":138.03,"LR_predict":140.62,"RF_Predict":132.38,"DT_Predict":115}},{"type":"Point","coordinates":[-82.97592,39.94244],"properties":{"id":41295649,"latitude":39.94244,"longitude":-82.97592,"city":"Columbus","room_type":"Entire home/apt","label":1,"price":90,"KNN_predic":124.6,"GB_predict":120.98,"LR_predict":128.11,"RF_Predict":111.2,"DT_Predict":142}},{"type":"Point","coordinates":[-83.02886,39.95599],"properties":{"id":41381759,"latitude":39.95599,"longitude":-83.02886,"city":"Columbus","room_type":"Entire home/apt","label":1,"price":85,"KNN_predic":101.01,"GB_predict":105.67,"LR_predict":76.04,"RF_Predict":109.58,"DT_Predict":105}},{"type":"Point","coordinates":[-82.96657,39.96821],"properties":{"id":41555933,"latitude":39.96821,"longitude":-82.96657,"city":"Columbus","room_type":"Entire home/apt","label":1,"price":93,"KNN_predic":114.13,"GB_predict":101.63,"LR_predict":118.08,"RF_Predict":98.68,"DT_Predict":166}},{"type":"Point","coordinates":[-83.02337,40.03089],"properties":{"id":41791927,"latitude":40.03089,"longitude":-83.02337,"city":"Columbus","room_type":"Entire home/apt","label":0,"price":189,"KNN_predic":188.15,"GB_predict":151.84,"LR_predict":124.89,"RF_Predict":138.93,"DT_Predict":189}},{"type":"Point","coordinates":[-83.00794,39.98312],"properties":{"id":41835219,"latitude":39.98312,"longitude":-83.00794,"city":"Columbus","room_type":"Entire home/apt","label":0,"price":186,"KNN_predic":196.27,"GB_predict":149.56,"LR_predict":170.88,"RF_Predict":200.48,"DT_Predict":236}},{"type":"Point","coordinates":[-83.00135,39.97771],"properties":{"id":42013467,"latitude":39.97771,"longitude":-83.00135,"city":"Columbus","room_type":"Private room","label":0,"price":128,"KNN_predic":57.22,"GB_predict":88.54,"LR_predict":67.99,"RF_Predict":103.42,"DT_Predict":128}},{"type":"Point","coordinates":[-83.01008,39.98678],"properties":{"id":42216821,"latitude":39.98678,"longitude":-83.01008,"city":"Columbus","room_type":"Entire home/apt","label":0,"price":193,"KNN_predic":171.9,"GB_predict":206.96,"LR_predict":208.16,"RF_Predict":194.98,"DT_Predict":322}},{"type":"Point","coordinates":[-83.00241,39.98593],"properties":{"id":42256341,"latitude":39.98593,"longitude":-83.00241,"city":"Columbus","room_type":"Entire home/apt","label":1,"price":73,"KNN_predic":90.12,"GB_predict":81.75,"LR_predict":98.32,"RF_Predict":84.08,"DT_Predict":75}},{"type":"Point","coordinates":[-83.07817,39.91241],"properties":{"id":42349264,"latitude":39.91241,"longitude":-83.07817,"city":"Columbus","room_type":"Private room","label":1,"price":37,"KNN_predic":44.66,"GB_predict":42.75,"LR_predict":36.65,"RF_Predict":41.72,"DT_Predict":37}},{"type":"Point","coordinates":[-83.00523,39.99904],"properties":{"id":42362053,"latitude":39.99904,"longitude":-83.00523,"city":"Columbus","room_type":"Entire home/apt","label":1,"price":65,"KNN_predic":59.24,"GB_predict":55.04,"LR_predict":68.37,"RF_Predict":57.5,"DT_Predict":53}},{"type":"Point","coordinates":[-83.00676,39.99875],"properties":{"id":42381001,"latitude":39.99875,"longitude":-83.00676,"city":"Columbus","room_type":"Entire home/apt","label":1,"price":50,"KNN_predic":59.42,"GB_predict":54.7,"LR_predict":68.45,"RF_Predict":58.25,"DT_Predict":53}},{"type":"Point","coordinates":[-83.00516,39.99711],"properties":{"id":42381075,"latitude":39.99711,"longitude":-83.00516,"city":"Columbus","room_type":"Entire home/apt","label":1,"price":49,"KNN_predic":56.53,"GB_predict":52.42,"LR_predict":52.93,"RF_Predict":54.28,"DT_Predict":53}},{"type":"Point","coordinates":[-83.0055,39.99937],"properties":{"id":42383635,"latitude":39.99937,"longitude":-83.0055,"city":"Columbus","room_type":"Entire home/apt","label":1,"price":48,"KNN_predic":62.87,"GB_predict":53.28,"LR_predict":69.42,"RF_Predict":61.22,"DT_Predict":53}},{"type":"Point","coordinates":[-83.00544,39.99781],"properties":{"id":42386187,"latitude":39.99781,"longitude":-83.00544,"city":"Columbus","room_type":"Entire home/apt","label":1,"price":55,"KNN_predic":62.71,"GB_predict":51.87,"LR_predict":69.29,"RF_Predict":59.02,"DT_Predict":53}},{"type":"Point","coordinates":[-82.86748,40.06137],"properties":{"id":42732936,"latitude":40.06137,"longitude":-82.86748,"city":"Columbus","room_type":"Entire home/apt","label":1,"price":94,"KNN_predic":136.95,"GB_predict":164.41,"LR_predict":157.92,"RF_Predict":173.28,"DT_Predict":175}},{"type":"Point","coordinates":[-82.95467,39.96144],"properties":{"id":42744152,"latitude":39.96144,"longitude":-82.95467,"city":"Columbus","room_type":"Entire home/apt","label":1,"price":112,"KNN_predic":99.85,"GB_predict":101.76,"LR_predict":107.93,"RF_Predict":93.7,"DT_Predict":146}},{"type":"Point","coordinates":[-82.99516,39.95706],"properties":{"id":43110127,"latitude":39.95706,"longitude":-82.99516,"city":"Columbus","room_type":"Entire home/apt","label":1,"price":83,"KNN_predic":88.94,"GB_predict":82.16,"LR_predict":100.33,"RF_Predict":95.45,"DT_Predict":87}},{"type":"Point","coordinates":[-82.99448,39.9559],"properties":{"id":43111171,"latitude":39.9559,"longitude":-82.99448,"city":"Columbus","room_type":"Entire home/apt","label":1,"price":83,"KNN_predic":92.34,"GB_predict":92.97,"LR_predict":100.82,"RF_Predict":94.72,"DT_Predict":96}},{"type":"Point","coordinates":[-82.98535,39.9488],"properties":{"id":43348554,"latitude":39.9488,"longitude":-82.98535,"city":"Columbus","room_type":"Entire home/apt","label":1,"price":75,"KNN_predic":107.52,"GB_predict":95.21,"LR_predict":123.32,"RF_Predict":96.82,"DT_Predict":104}},{"type":"Point","coordinates":[-83.00987,39.97619],"properties":{"id":43364480,"latitude":39.97619,"longitude":-83.00987,"city":"Columbus","room_type":"Entire home/apt","label":0,"price":144,"KNN_predic":142.03,"GB_predict":151.18,"LR_predict":168.82,"RF_Predict":147.6,"DT_Predict":156}},{"type":"Point","coordinates":[-82.99983,39.95702],"properties":{"id":43665726,"latitude":39.95702,"longitude":-82.99983,"city":"Columbus","room_type":"Entire home/apt","label":1,"price":95,"KNN_predic":96.93,"GB_predict":92.76,"LR_predict":94.62,"RF_Predict":98.9,"DT_Predict":95}},{"type":"Point","coordinates":[-83.0004,39.95714],"properties":{"id":43665919,"latitude":39.95714,"longitude":-83.0004,"city":"Columbus","room_type":"Entire home/apt","label":1,"price":95,"KNN_predic":97.13,"GB_predict":92.76,"LR_predict":94.78,"RF_Predict":99.61,"DT_Predict":104}},{"type":"Point","coordinates":[-82.99983,39.95702],"properties":{"id":43666132,"latitude":39.95702,"longitude":-82.99983,"city":"Columbus","room_type":"Entire home/apt","label":1,"price":95,"KNN_predic":97.37,"GB_predict":95.56,"LR_predict":94.81,"RF_Predict":98.8,"DT_Predict":95}},{"type":"Point","coordinates":[-83.0004,39.95714],"properties":{"id":43666306,"latitude":39.95714,"longitude":-83.0004,"city":"Columbus","room_type":"Entire home/apt","label":1,"price":95,"KNN_predic":100.48,"GB_predict":102.67,"LR_predict":95.28,"RF_Predict":100.02,"DT_Predict":103}},{"type":"Point","coordinates":[-83.00112,39.98435],"properties":{"id":43804124,"latitude":39.98435,"longitude":-83.00112,"city":"Columbus","room_type":"Entire home/apt","label":1,"price":109,"KNN_predic":101.56,"GB_predict":88.71,"LR_predict":116.77,"RF_Predict":102.48,"DT_Predict":112}},{"type":"Point","coordinates":[-83.00525,39.99681],"properties":{"id":43806645,"latitude":39.99681,"longitude":-83.00525,"city":"Columbus","room_type":"Entire home/apt","label":1,"price":49,"KNN_predic":57.21,"GB_predict":52.5,"LR_predict":52.16,"RF_Predict":54.55,"DT_Predict":53}},{"type":"Point","coordinates":[-82.95631,39.96117],"properties":{"id":44073429,"latitude":39.96117,"longitude":-82.95631,"city":"Columbus","room_type":"Entire home/apt","label":2,"price":377,"KNN_predic":230.95,"GB_predict":202.61,"LR_predict":244.01,"RF_Predict":215.18,"DT_Predict":191}},{"type":"Point","coordinates":[-82.98891,40.08884],"properties":{"id":44351501,"latitude":40.08884,"longitude":-82.98891,"city":"Columbus","room_type":"Private room","label":1,"price":65,"KNN_predic":44.87,"GB_predict":63.76,"LR_predict":64.99,"RF_Predict":65.7,"DT_Predict":62}},{"type":"Point","coordinates":[-82.9934,39.95614],"properties":{"id":44487581,"latitude":39.95614,"longitude":-82.9934,"city":"Columbus","room_type":"Entire home/apt","label":1,"price":111,"KNN_predic":90.95,"GB_predict":89.11,"LR_predict":100.48,"RF_Predict":102.65,"DT_Predict":107}},{"type":"Point","coordinates":[-82.98374,39.94064],"properties":{"id":44534134,"latitude":39.94064,"longitude":-82.98374,"city":"Columbus","room_type":"Entire home/apt","label":0,"price":155,"KNN_predic":126.84,"GB_predict":124.26,"LR_predict":123.44,"RF_Predict":120.55,"DT_Predict":250}},{"type":"Point","coordinates":[-82.99367,39.9555],"properties":{"id":44538031,"latitude":39.9555,"longitude":-82.99367,"city":"Columbus","room_type":"Entire home/apt","label":1,"price":108,"KNN_predic":86.04,"GB_predict":89.84,"LR_predict":100.39,"RF_Predict":93.02,"DT_Predict":119}},{"type":"Point","coordinates":[-82.93421,39.9859],"properties":{"id":44572126,"latitude":39.9859,"longitude":-82.93421,"city":"Columbus","room_type":"Entire home/apt","label":1,"price":79,"KNN_predic":74.58,"GB_predict":69.26,"LR_predict":64.67,"RF_Predict":71.45,"DT_Predict":65}},{"type":"Point","coordinates":[-83.00574,39.99738],"properties":{"id":44588678,"latitude":39.99738,"longitude":-83.00574,"city":"Columbus","room_type":"Entire home/apt","label":1,"price":56,"KNN_predic":56.13,"GB_predict":52.7,"LR_predict":53.36,"RF_Predict":54.9,"DT_Predict":53}},{"type":"Point","coordinates":[-83.00376,39.99796],"properties":{"id":44589301,"latitude":39.99796,"longitude":-83.00376,"city":"Columbus","room_type":"Entire home/apt","label":1,"price":57,"KNN_predic":56.05,"GB_predict":53.79,"LR_predict":53.63,"RF_Predict":56.52,"DT_Predict":55}},{"type":"Point","coordinates":[-82.99521,39.95681],"properties":{"id":44680042,"latitude":39.95681,"longitude":-82.99521,"city":"Columbus","room_type":"Entire home/apt","label":1,"price":77,"KNN_predic":91.72,"GB_predict":86.82,"LR_predict":105.23,"RF_Predict":79.2,"DT_Predict":64}},{"type":"Point","coordinates":[-82.93421,39.9859],"properties":{"id":44707075,"latitude":39.9859,"longitude":-82.93421,"city":"Columbus","room_type":"Entire home/apt","label":1,"price":79,"KNN_predic":78.73,"GB_predict":67.75,"LR_predict":65.01,"RF_Predict":72.15,"DT_Predict":75}},{"type":"Point","coordinates":[-82.98188,39.93997],"properties":{"id":44998711,"latitude":39.93997,"longitude":-82.98188,"city":"Columbus","room_type":"Entire home/apt","label":0,"price":183,"KNN_predic":154.16,"GB_predict":157.93,"LR_predict":181.56,"RF_Predict":148.05,"DT_Predict":78}},{"type":"Point","coordinates":[-82.99459,39.95694],"properties":{"id":45055886,"latitude":39.95694,"longitude":-82.99459,"city":"Columbus","room_type":"Entire home/apt","label":1,"price":73,"KNN_predic":93.33,"GB_predict":87.04,"LR_predict":106.56,"RF_Predict":88.88,"DT_Predict":107}},{"type":"Point","coordinates":[-82.97329,39.95414],"properties":{"id":45055935,"latitude":39.95414,"longitude":-82.97329,"city":"Columbus","room_type":"Private room","label":1,"price":60,"KNN_predic":48.56,"GB_predict":46.49,"LR_predict":53.4,"RF_Predict":40.65,"DT_Predict":33}},{"type":"Point","coordinates":[-83.00941,39.97792],"properties":{"id":45105388,"latitude":39.97792,"longitude":-83.00941,"city":"Columbus","room_type":"Entire home/apt","label":1,"price":100,"KNN_predic":142.45,"GB_predict":146.5,"LR_predict":136.38,"RF_Predict":160.45,"DT_Predict":135}},{"type":"Point","coordinates":[-82.9951,39.95737],"properties":{"id":45156262,"latitude":39.95737,"longitude":-82.9951,"city":"Columbus","room_type":"Entire home/apt","label":1,"price":96,"KNN_predic":87.66,"GB_predict":81.18,"LR_predict":106.47,"RF_Predict":76.62,"DT_Predict":82}},{"type":"Point","coordinates":[-83.0161,39.95484],"properties":{"id":45159426,"latitude":39.95484,"longitude":-83.0161,"city":"Columbus","room_type":"Entire home/apt","label":0,"price":135,"KNN_predic":105.07,"GB_predict":118.73,"LR_predict":91.21,"RF_Predict":111.5,"DT_Predict":129}},{"type":"Point","coordinates":[-82.99453,39.956],"properties":{"id":45238024,"latitude":39.956,"longitude":-82.99453,"city":"Columbus","room_type":"Entire home/apt","label":1,"price":97,"KNN_predic":64.62,"GB_predict":87.04,"LR_predict":106.69,"RF_Predict":91.1,"DT_Predict":107}},{"type":"Point","coordinates":[-82.98334,39.94946],"properties":{"id":45302190,"latitude":39.94946,"longitude":-82.98334,"city":"Columbus","room_type":"Entire home/apt","label":1,"price":109,"KNN_predic":122.8,"GB_predict":122.75,"LR_predict":143.73,"RF_Predict":106.05,"DT_Predict":294}},{"type":"Point","coordinates":[-82.97105,39.94693],"properties":{"id":45311997,"latitude":39.94693,"longitude":-82.97105,"city":"Columbus","room_type":"Entire home/apt","label":1,"price":76,"KNN_predic":84.05,"GB_predict":69.62,"LR_predict":67.59,"RF_Predict":76.68,"DT_Predict":67}},{"type":"Point","coordinates":[-82.988258,40.090309],"properties":{"id":45324635,"latitude":40.090309,"longitude":-82.988258,"city":"Columbus","room_type":"Private room","label":1,"price":62,"KNN_predic":61.94,"GB_predict":55.47,"LR_predict":52.79,"RF_Predict":63.65,"DT_Predict":62}},{"type":"Point","coordinates":[-83.0375,39.98932],"properties":{"id":45400600,"latitude":39.98932,"longitude":-83.0375,"city":"Columbus","room_type":"Entire home/apt","label":0,"price":135,"KNN_predic":119.26,"GB_predict":111.46,"LR_predict":139.75,"RF_Predict":160.07,"DT_Predict":80}},{"type":"Point","coordinates":[-83.0032,40.0141],"properties":{"id":45440616,"latitude":40.0141,"longitude":-83.0032,"city":"Columbus","room_type":"Entire home/apt","label":0,"price":138,"KNN_predic":159.15,"GB_predict":163.4,"LR_predict":182.15,"RF_Predict":164,"DT_Predict":140}},{"type":"Point","coordinates":[-82.96941,40.13725],"properties":{"id":45495714,"latitude":40.13725,"longitude":-82.96941,"city":"Columbus","room_type":"Entire home/apt","label":0,"price":200,"KNN_predic":156.83,"GB_predict":144.33,"LR_predict":154.34,"RF_Predict":134,"DT_Predict":126}},{"type":"Point","coordinates":[-82.99778,39.95809],"properties":{"id":45689950,"latitude":39.95809,"longitude":-82.99778,"city":"Columbus","room_type":"Entire home/apt","label":1,"price":99,"KNN_predic":100.13,"GB_predict":97.94,"LR_predict":107.67,"RF_Predict":105.28,"DT_Predict":99}},{"type":"Point","coordinates":[-82.99778,39.95809],"properties":{"id":45690096,"latitude":39.95809,"longitude":-82.99778,"city":"Columbus","room_type":"Entire home/apt","label":1,"price":99,"KNN_predic":100.33,"GB_predict":97.94,"LR_predict":107.71,"RF_Predict":105.72,"DT_Predict":99}},{"type":"Point","coordinates":[-82.99791,39.94651],"properties":{"id":45742364,"latitude":39.94651,"longitude":-82.99791,"city":"Columbus","room_type":"Entire home/apt","label":0,"price":137,"KNN_predic":205.8,"GB_predict":175.54,"LR_predict":245.14,"RF_Predict":179.35,"DT_Predict":173}},{"type":"Point","coordinates":[-82.96066,39.95509],"properties":{"id":45799524,"latitude":39.95509,"longitude":-82.96066,"city":"Columbus","room_type":"Entire home/apt","label":1,"price":82,"KNN_predic":97.01,"GB_predict":71.62,"LR_predict":79.57,"RF_Predict":73.72,"DT_Predict":66}},{"type":"Point","coordinates":[-82.94839,39.9861],"properties":{"id":45800085,"latitude":39.9861,"longitude":-82.94839,"city":"Columbus","room_type":"Entire home/apt","label":1,"price":72,"KNN_predic":82.61,"GB_predict":79.84,"LR_predict":77.26,"RF_Predict":81.45,"DT_Predict":98}},{"type":"Point","coordinates":[-83.02018,40.00832],"properties":{"id":45902943,"latitude":40.00832,"longitude":-83.02018,"city":"Columbus","room_type":"Private room","label":1,"price":30,"KNN_predic":52.32,"GB_predict":93.26,"LR_predict":59.15,"RF_Predict":108,"DT_Predict":46}},{"type":"Point","coordinates":[-82.92903,40.02987],"properties":{"id":45951832,"latitude":40.02987,"longitude":-82.92903,"city":"Columbus","room_type":"Private room","label":1,"price":45,"KNN_predic":46.55,"GB_predict":52.52,"LR_predict":22.56,"RF_Predict":46.95,"DT_Predict":45}},{"type":"Point","coordinates":[-82.97395,39.97129],"properties":{"id":45956724,"latitude":39.97129,"longitude":-82.97395,"city":"Columbus","room_type":"Entire home/apt","label":3,"price":289,"KNN_predic":206.46,"GB_predict":162.22,"LR_predict":235.64,"RF_Predict":170.2,"DT_Predict":118}},{"type":"Point","coordinates":[-83.00259,39.97354],"properties":{"id":45987335,"latitude":39.97354,"longitude":-83.00259,"city":"Columbus","room_type":"Entire home/apt","label":1,"price":107,"KNN_predic":117.52,"GB_predict":122.12,"LR_predict":114.01,"RF_Predict":125.28,"DT_Predict":107}},{"type":"Point","coordinates":[-82.9636,39.9539],"properties":{"id":46086691,"latitude":39.9539,"longitude":-82.9636,"city":"Columbus","room_type":"Entire home/apt","label":0,"price":195,"KNN_predic":168.93,"GB_predict":147.33,"LR_predict":169.19,"RF_Predict":149.3,"DT_Predict":105}},{"type":"Point","coordinates":[-82.99962,39.9927],"properties":{"id":46089678,"latitude":39.9927,"longitude":-82.99962,"city":"Columbus","room_type":"Entire home/apt","label":0,"price":119,"KNN_predic":123.33,"GB_predict":137.84,"LR_predict":125.06,"RF_Predict":140.9,"DT_Predict":137}},{"type":"Point","coordinates":[-83.00873,39.97494],"properties":{"id":46159660,"latitude":39.97494,"longitude":-83.00873,"city":"Columbus","room_type":"Entire home/apt","label":0,"price":123,"KNN_predic":117.93,"GB_predict":138.2,"LR_predict":129.62,"RF_Predict":147.3,"DT_Predict":200}},{"type":"Point","coordinates":[-82.97438,39.96758],"properties":{"id":46190767,"latitude":39.96758,"longitude":-82.97438,"city":"Columbus","room_type":"Entire home/apt","label":0,"price":198,"KNN_predic":166.4,"GB_predict":181.28,"LR_predict":189.58,"RF_Predict":171.05,"DT_Predict":196}},{"type":"Point","coordinates":[-82.99583,40.14872],"properties":{"id":46195153,"latitude":40.14872,"longitude":-82.99583,"city":"Columbus","room_type":"Entire home/apt","label":0,"price":125,"KNN_predic":115.48,"GB_predict":133.02,"LR_predict":101.05,"RF_Predict":132.4,"DT_Predict":97}},{"type":"Point","coordinates":[-82.97204,39.97096],"properties":{"id":46382266,"latitude":39.97096,"longitude":-82.97204,"city":"Columbus","room_type":"Entire home/apt","label":0,"price":120,"KNN_predic":165.88,"GB_predict":168.81,"LR_predict":195.16,"RF_Predict":159.35,"DT_Predict":284}},{"type":"Point","coordinates":[-82.97454,39.94383],"properties":{"id":46428480,"latitude":39.94383,"longitude":-82.97454,"city":"Columbus","room_type":"Private room","label":1,"price":36,"KNN_predic":72.5,"GB_predict":52.64,"LR_predict":73.56,"RF_Predict":60.3,"DT_Predict":33}},{"type":"Point","coordinates":[-82.98433,39.93486],"properties":{"id":46430526,"latitude":39.93486,"longitude":-82.98433,"city":"Columbus","room_type":"Private room","label":1,"price":48,"KNN_predic":55.19,"GB_predict":55.19,"LR_predict":60.54,"RF_Predict":54.8,"DT_Predict":49}},{"type":"Point","coordinates":[-82.998,39.99497],"properties":{"id":46569296,"latitude":39.99497,"longitude":-82.998,"city":"Columbus","room_type":"Entire home/apt","label":1,"price":94,"KNN_predic":116.8,"GB_predict":104.57,"LR_predict":124.46,"RF_Predict":126.68,"DT_Predict":137}},{"type":"Point","coordinates":[-82.98635,39.94416],"properties":{"id":46619353,"latitude":39.94416,"longitude":-82.98635,"city":"Columbus","room_type":"Entire home/apt","label":3,"price":227,"KNN_predic":205.57,"GB_predict":181.8,"LR_predict":194.3,"RF_Predict":193.8,"DT_Predict":175}},{"type":"Point","coordinates":[-83.00401,39.98565],"properties":{"id":46813426,"latitude":39.98565,"longitude":-83.00401,"city":"Columbus","room_type":"Entire home/apt","label":0,"price":176,"KNN_predic":167.87,"GB_predict":140.4,"LR_predict":164.1,"RF_Predict":155.85,"DT_Predict":79}},{"type":"Point","coordinates":[-82.99323,39.94414],"properties":{"id":46835467,"latitude":39.94414,"longitude":-82.99323,"city":"Columbus","room_type":"Entire home/apt","label":0,"price":204,"KNN_predic":149.8,"GB_predict":180.14,"LR_predict":143.07,"RF_Predict":162.88,"DT_Predict":189}},{"type":"Point","coordinates":[-83.08753,40.11091],"properties":{"id":47029891,"latitude":40.11091,"longitude":-83.08753,"city":"Columbus","room_type":"Entire home/apt","label":0,"price":119,"KNN_predic":121.11,"GB_predict":137.76,"LR_predict":96.18,"RF_Predict":139.25,"DT_Predict":139}},{"type":"Point","coordinates":[-82.99944,39.95895],"properties":{"id":47149147,"latitude":39.95895,"longitude":-82.99944,"city":"Columbus","room_type":"Entire home/apt","label":0,"price":207,"KNN_predic":146.17,"GB_predict":156.49,"LR_predict":174.88,"RF_Predict":156.8,"DT_Predict":150}},{"type":"Point","coordinates":[-82.95743,39.95043],"properties":{"id":47157556,"latitude":39.95043,"longitude":-82.95743,"city":"Columbus","room_type":"Private room","label":1,"price":46,"KNN_predic":50.69,"GB_predict":50.57,"LR_predict":34.94,"RF_Predict":40.83,"DT_Predict":49}},{"type":"Point","coordinates":[-82.99742,39.96519],"properties":{"id":47270288,"latitude":39.96519,"longitude":-82.99742,"city":"Columbus","room_type":"Entire home/apt","label":0,"price":118,"KNN_predic":114.64,"GB_predict":120.62,"LR_predict":106.99,"RF_Predict":115.9,"DT_Predict":118}},{"type":"Point","coordinates":[-82.96249,39.96507],"properties":{"id":47509138,"latitude":39.96507,"longitude":-82.96249,"city":"Columbus","room_type":"Entire home/apt","label":1,"price":62,"KNN_predic":83.08,"GB_predict":77.53,"LR_predict":89.59,"RF_Predict":74.6,"DT_Predict":69}},{"type":"Point","coordinates":[-82.99329,39.95842],"properties":{"id":47717202,"latitude":39.95842,"longitude":-82.99329,"city":"Columbus","room_type":"Entire home/apt","label":1,"price":97,"KNN_predic":100.05,"GB_predict":106.89,"LR_predict":101.84,"RF_Predict":95.18,"DT_Predict":84}},{"type":"Point","coordinates":[-82.99417,39.95839],"properties":{"id":47854104,"latitude":39.95839,"longitude":-82.99417,"city":"Columbus","room_type":"Entire home/apt","label":0,"price":121,"KNN_predic":158.79,"GB_predict":150.62,"LR_predict":162.54,"RF_Predict":158.3,"DT_Predict":194}},{"type":"Point","coordinates":[-82.99331,39.94436],"properties":{"id":47900223,"latitude":39.94436,"longitude":-82.99331,"city":"Columbus","room_type":"Entire home/apt","label":0,"price":140,"KNN_predic":91.58,"GB_predict":103.66,"LR_predict":95.64,"RF_Predict":109.7,"DT_Predict":81}},{"type":"Point","coordinates":[-83.0116,39.98168],"properties":{"id":47980687,"latitude":39.98168,"longitude":-83.0116,"city":"Columbus","room_type":"Entire home/apt","label":3,"price":298,"KNN_predic":175.3,"GB_predict":182.99,"LR_predict":187.49,"RF_Predict":185.22,"DT_Predict":89}},{"type":"Point","coordinates":[-82.9577,39.95043],"properties":{"id":47991665,"latitude":39.95043,"longitude":-82.9577,"city":"Columbus","room_type":"Entire home/apt","label":1,"price":97,"KNN_predic":131.53,"GB_predict":120.07,"LR_predict":132.08,"RF_Predict":130.75,"DT_Predict":125}},{"type":"Point","coordinates":[-82.9929,39.95902],"properties":{"id":48024104,"latitude":39.95902,"longitude":-82.9929,"city":"Columbus","room_type":"Entire home/apt","label":1,"price":81,"KNN_predic":96.08,"GB_predict":99.41,"LR_predict":107.28,"RF_Predict":98.88,"DT_Predict":95}},{"type":"Point","coordinates":[-82.97184,39.93643],"properties":{"id":48027085,"latitude":39.93643,"longitude":-82.97184,"city":"Columbus","room_type":"Entire home/apt","label":1,"price":60,"KNN_predic":111.6,"GB_predict":99.23,"LR_predict":90.81,"RF_Predict":109.22,"DT_Predict":86}},{"type":"Point","coordinates":[-82.99918,39.96024],"properties":{"id":48028382,"latitude":39.96024,"longitude":-82.99918,"city":"Columbus","room_type":"Entire home/apt","label":0,"price":115,"KNN_predic":118.14,"GB_predict":110.86,"LR_predict":107.95,"RF_Predict":110.88,"DT_Predict":101}},{"type":"Point","coordinates":[-83.00989,39.98066],"properties":{"id":48041525,"latitude":39.98066,"longitude":-83.00989,"city":"Columbus","room_type":"Entire home/apt","label":1,"price":70,"KNN_predic":137.38,"GB_predict":120.69,"LR_predict":109.45,"RF_Predict":108.8,"DT_Predict":110}},{"type":"Point","coordinates":[-83.00286,39.97197],"properties":{"id":48042823,"latitude":39.97197,"longitude":-83.00286,"city":"Columbus","room_type":"Entire home/apt","label":3,"price":253,"KNN_predic":150.45,"GB_predict":182.34,"LR_predict":168.13,"RF_Predict":177.62,"DT_Predict":201}},{"type":"Point","coordinates":[-82.999,39.95779],"properties":{"id":48199707,"latitude":39.95779,"longitude":-82.999,"city":"Columbus","room_type":"Entire home/apt","label":1,"price":102,"KNN_predic":104.97,"GB_predict":112.26,"LR_predict":108.26,"RF_Predict":120.6,"DT_Predict":145}},{"type":"Point","coordinates":[-82.98287,39.93774],"properties":{"id":48394964,"latitude":39.93774,"longitude":-82.98287,"city":"Columbus","room_type":"Entire home/apt","label":0,"price":165,"KNN_predic":161.08,"GB_predict":168.39,"LR_predict":178.3,"RF_Predict":156.1,"DT_Predict":120}},{"type":"Point","coordinates":[-82.93005,39.98954],"properties":{"id":48439121,"latitude":39.98954,"longitude":-82.93005,"city":"Columbus","room_type":"Entire home/apt","label":1,"price":71,"KNN_predic":89.39,"GB_predict":77.7,"LR_predict":81.33,"RF_Predict":73.95,"DT_Predict":73}},{"type":"Point","coordinates":[-83.00009,39.95966],"properties":{"id":48497819,"latitude":39.95966,"longitude":-83.00009,"city":"Columbus","room_type":"Entire home/apt","label":0,"price":122,"KNN_predic":100.65,"GB_predict":103.81,"LR_predict":91.83,"RF_Predict":102.8,"DT_Predict":95}},{"type":"Point","coordinates":[-82.96996,39.95402],"properties":{"id":48542148,"latitude":39.95402,"longitude":-82.96996,"city":"Columbus","room_type":"Entire home/apt","label":0,"price":132,"KNN_predic":140.54,"GB_predict":131.96,"LR_predict":159.45,"RF_Predict":139.75,"DT_Predict":97}},{"type":"Point","coordinates":[-82.95733,39.95928],"properties":{"id":48545679,"latitude":39.95928,"longitude":-82.95733,"city":"Columbus","room_type":"Entire home/apt","label":1,"price":84,"KNN_predic":100.13,"GB_predict":101.76,"LR_predict":113.86,"RF_Predict":99.12,"DT_Predict":152}},{"type":"Point","coordinates":[-82.9996,39.95608],"properties":{"id":48695483,"latitude":39.95608,"longitude":-82.9996,"city":"Columbus","room_type":"Entire home/apt","label":0,"price":153,"KNN_predic":104.03,"GB_predict":118.5,"LR_predict":108.25,"RF_Predict":121.9,"DT_Predict":127}},{"type":"Point","coordinates":[-82.9995,39.95602],"properties":{"id":48695513,"latitude":39.95602,"longitude":-82.9995,"city":"Columbus","room_type":"Entire home/apt","label":0,"price":128,"KNN_predic":103.86,"GB_predict":113.37,"LR_predict":107.91,"RF_Predict":107.55,"DT_Predict":127}},{"type":"Point","coordinates":[-82.9938,39.94909],"properties":{"id":48729678,"latitude":39.94909,"longitude":-82.9938,"city":"Columbus","room_type":"Entire home/apt","label":3,"price":242,"KNN_predic":204.94,"GB_predict":196.91,"LR_predict":211.63,"RF_Predict":158.62,"DT_Predict":188}},{"type":"Point","coordinates":[-83.00209,39.9795],"properties":{"id":48736386,"latitude":39.9795,"longitude":-83.00209,"city":"Columbus","room_type":"Entire home/apt","label":0,"price":122,"KNN_predic":139.54,"GB_predict":147.94,"LR_predict":144.5,"RF_Predict":152.85,"DT_Predict":164}},{"type":"Point","coordinates":[-83.00349,39.98026],"properties":{"id":48736769,"latitude":39.98026,"longitude":-83.00349,"city":"Columbus","room_type":"Entire home/apt","label":0,"price":117,"KNN_predic":139.29,"GB_predict":142.44,"LR_predict":144.46,"RF_Predict":142.22,"DT_Predict":164}},{"type":"Point","coordinates":[-82.97786,39.93744],"properties":{"id":48737232,"latitude":39.93744,"longitude":-82.97786,"city":"Columbus","room_type":"Entire home/apt","label":0,"price":187,"KNN_predic":131.46,"GB_predict":200.21,"LR_predict":128.36,"RF_Predict":135.85,"DT_Predict":78}},{"type":"Point","coordinates":[-82.97349,39.971],"properties":{"id":48772335,"latitude":39.971,"longitude":-82.97349,"city":"Columbus","room_type":"Entire home/apt","label":0,"price":200,"KNN_predic":293.5,"GB_predict":216.99,"LR_predict":357.34,"RF_Predict":292.12,"DT_Predict":118}},{"type":"Point","coordinates":[-82.84979,40.09971],"properties":{"id":48825529,"latitude":40.09971,"longitude":-82.84979,"city":"Columbus","room_type":"Entire home/apt","label":1,"price":99,"KNN_predic":119.28,"GB_predict":105.48,"LR_predict":102.58,"RF_Predict":130.4,"DT_Predict":100}},{"type":"Point","coordinates":[-82.9793,39.96223],"properties":{"id":48898931,"latitude":39.96223,"longitude":-82.9793,"city":"Columbus","room_type":"Entire home/apt","label":1,"price":95,"KNN_predic":110.29,"GB_predict":107.68,"LR_predict":113.94,"RF_Predict":107.65,"DT_Predict":142}},{"type":"Point","coordinates":[-82.97733,39.94706],"properties":{"id":48988340,"latitude":39.94706,"longitude":-82.97733,"city":"Columbus","room_type":"Entire home/apt","label":1,"price":69,"KNN_predic":91.11,"GB_predict":106.74,"LR_predict":81.99,"RF_Predict":109.3,"DT_Predict":126}},{"type":"Point","coordinates":[-82.99804,39.95825],"properties":{"id":49041172,"latitude":39.95825,"longitude":-82.99804,"city":"Columbus","room_type":"Entire home/apt","label":0,"price":141,"KNN_predic":98.66,"GB_predict":98.62,"LR_predict":95.99,"RF_Predict":109.58,"DT_Predict":145}},{"type":"Point","coordinates":[-82.99569,39.95353],"properties":{"id":49055995,"latitude":39.95353,"longitude":-82.99569,"city":"Columbus","room_type":"Entire home/apt","label":1,"price":104,"KNN_predic":96.88,"GB_predict":110.03,"LR_predict":125.55,"RF_Predict":127.55,"DT_Predict":93}},{"type":"Point","coordinates":[-83.01251,39.97849],"properties":{"id":49120625,"latitude":39.97849,"longitude":-83.01251,"city":"Columbus","room_type":"Entire home/apt","label":1,"price":87,"KNN_predic":142.15,"GB_predict":132.24,"LR_predict":136.35,"RF_Predict":147.15,"DT_Predict":135}},{"type":"Point","coordinates":[-83.01588,40.00772],"properties":{"id":49207274,"latitude":40.00772,"longitude":-83.01588,"city":"Columbus","room_type":"Entire home/apt","label":1,"price":99,"KNN_predic":94.31,"GB_predict":96.16,"LR_predict":77.82,"RF_Predict":99.42,"DT_Predict":99}},{"type":"Point","coordinates":[-83.0141,40.00778],"properties":{"id":49207537,"latitude":40.00778,"longitude":-83.0141,"city":"Columbus","room_type":"Entire home/apt","label":1,"price":99,"KNN_predic":95.38,"GB_predict":94.33,"LR_predict":78.3,"RF_Predict":99.18,"DT_Predict":99}},{"type":"Point","coordinates":[-82.83497,39.86948],"properties":{"id":49212423,"latitude":39.86948,"longitude":-82.83497,"city":"Columbus","room_type":"Entire home/apt","label":0,"price":165,"KNN_predic":107.16,"GB_predict":126.28,"LR_predict":142.29,"RF_Predict":171.58,"DT_Predict":82}},{"type":"Point","coordinates":[-82.99992,40.00343],"properties":{"id":49275484,"latitude":40.00343,"longitude":-82.99992,"city":"Columbus","room_type":"Entire home/apt","label":1,"price":101,"KNN_predic":138.66,"GB_predict":248.21,"LR_predict":141.59,"RF_Predict":210.45,"DT_Predict":166}},{"type":"Point","coordinates":[-82.9622,39.95536],"properties":{"id":49363637,"latitude":39.95536,"longitude":-82.9622,"city":"Columbus","room_type":"Entire home/apt","label":1,"price":71,"KNN_predic":87.21,"GB_predict":72.78,"LR_predict":78.02,"RF_Predict":70.9,"DT_Predict":67}},{"type":"Point","coordinates":[-82.96552,40.02626],"properties":{"id":49441572,"latitude":40.02626,"longitude":-82.96552,"city":"Columbus","room_type":"Entire home/apt","label":1,"price":80,"KNN_predic":97.59,"GB_predict":105.64,"LR_predict":98.57,"RF_Predict":116.98,"DT_Predict":86}},{"type":"Point","coordinates":[-82.99635,39.94097],"properties":{"id":49466255,"latitude":39.94097,"longitude":-82.99635,"city":"Columbus","room_type":"Entire home/apt","label":1,"price":100,"KNN_predic":100.74,"GB_predict":111.09,"LR_predict":79.86,"RF_Predict":115.08,"DT_Predict":133}},{"type":"Point","coordinates":[-82.99158,39.98229],"properties":{"id":49511092,"latitude":39.98229,"longitude":-82.99158,"city":"Columbus","room_type":"Entire home/apt","label":3,"price":215,"KNN_predic":282.14,"GB_predict":210.71,"LR_predict":257.61,"RF_Predict":272.1,"DT_Predict":145}},{"type":"Point","coordinates":[-82.99462,40.00021],"properties":{"id":49591011,"latitude":40.00021,"longitude":-82.99462,"city":"Columbus","room_type":"Entire home/apt","label":3,"price":320,"KNN_predic":281.25,"GB_predict":292.15,"LR_predict":253.64,"RF_Predict":296.73,"DT_Predict":145}},{"type":"Point","coordinates":[-82.99819,39.9905],"properties":{"id":49592216,"latitude":39.9905,"longitude":-82.99819,"city":"Columbus","room_type":"Entire home/apt","label":1,"price":107,"KNN_predic":125.8,"GB_predict":136.32,"LR_predict":136.01,"RF_Predict":141.15,"DT_Predict":166}},{"type":"Point","coordinates":[-82.99612,39.99028],"properties":{"id":49611268,"latitude":39.99028,"longitude":-82.99612,"city":"Columbus","room_type":"Entire home/apt","label":0,"price":130,"KNN_predic":133.25,"GB_predict":134.31,"LR_predict":138.85,"RF_Predict":126.82,"DT_Predict":91}},{"type":"Point","coordinates":[-83.01633,39.97606],"properties":{"id":49710487,"latitude":39.97606,"longitude":-83.01633,"city":"Columbus","room_type":"Entire home/apt","label":0,"price":126,"KNN_predic":111.53,"GB_predict":125.11,"LR_predict":127.01,"RF_Predict":115.88,"DT_Predict":69}},{"type":"Point","coordinates":[-82.99095,39.98082],"properties":{"id":49710969,"latitude":39.98082,"longitude":-82.99095,"city":"Columbus","room_type":"Entire home/apt","label":3,"price":251,"KNN_predic":144.74,"GB_predict":169.72,"LR_predict":180.61,"RF_Predict":172.2,"DT_Predict":113}},{"type":"Point","coordinates":[-82.97145,39.96076],"properties":{"id":49728577,"latitude":39.96076,"longitude":-82.97145,"city":"Columbus","room_type":"Entire home/apt","label":1,"price":106,"KNN_predic":101.84,"GB_predict":117.75,"LR_predict":122.21,"RF_Predict":120.98,"DT_Predict":97}},{"type":"Point","coordinates":[-83.01413,40.008],"properties":{"id":49751076,"latitude":40.008,"longitude":-83.01413,"city":"Columbus","room_type":"Entire home/apt","label":1,"price":99,"KNN_predic":99.13,"GB_predict":93.27,"LR_predict":80.06,"RF_Predict":100.2,"DT_Predict":99}},{"type":"Point","coordinates":[-83.01422,40.00683],"properties":{"id":49751384,"latitude":40.00683,"longitude":-83.01422,"city":"Columbus","room_type":"Entire home/apt","label":1,"price":99,"KNN_predic":99.52,"GB_predict":92.96,"LR_predict":80.14,"RF_Predict":98.92,"DT_Predict":99}},{"type":"Point","coordinates":[-83.07796,40.07181],"properties":{"id":49840877,"latitude":40.07181,"longitude":-83.07796,"city":"Columbus","room_type":"Entire home/apt","label":0,"price":180,"KNN_predic":112.32,"GB_predict":113.06,"LR_predict":117.55,"RF_Predict":124.45,"DT_Predict":70}},{"type":"Point","coordinates":[-82.95264,39.95804],"properties":{"id":49876839,"latitude":39.95804,"longitude":-82.95264,"city":"Columbus","room_type":"Entire home/apt","label":1,"price":74,"KNN_predic":81.58,"GB_predict":77.85,"LR_predict":89.4,"RF_Predict":79.12,"DT_Predict":79}},{"type":"Point","coordinates":[-82.9538,39.95878],"properties":{"id":49877352,"latitude":39.95878,"longitude":-82.9538,"city":"Columbus","room_type":"Entire home/apt","label":1,"price":79,"KNN_predic":82.34,"GB_predict":79.36,"LR_predict":90.2,"RF_Predict":79.62,"DT_Predict":79}},{"type":"Point","coordinates":[-82.91827,40.02658],"properties":{"id":49974607,"latitude":40.02658,"longitude":-82.91827,"city":"Columbus","room_type":"Entire home/apt","label":0,"price":120,"KNN_predic":111.87,"GB_predict":92.79,"LR_predict":76.06,"RF_Predict":90.58,"DT_Predict":115}},{"type":"Point","coordinates":[-82.91858,40.03037],"properties":{"id":50019860,"latitude":40.03037,"longitude":-82.91858,"city":"Columbus","room_type":"Entire home/apt","label":0,"price":125,"KNN_predic":123.14,"GB_predict":119.4,"LR_predict":112.23,"RF_Predict":119.25,"DT_Predict":218}},{"type":"Point","coordinates":[-82.99911,39.94636],"properties":{"id":50048975,"latitude":39.94636,"longitude":-82.99911,"city":"Columbus","room_type":"Entire home/apt","label":0,"price":133,"KNN_predic":162.83,"GB_predict":160,"LR_predict":161.03,"RF_Predict":162.95,"DT_Predict":145}},{"type":"Point","coordinates":[-82.91153,40.03061],"properties":{"id":50087429,"latitude":40.03061,"longitude":-82.91153,"city":"Columbus","room_type":"Entire home/apt","label":1,"price":76,"KNN_predic":113.8,"GB_predict":87.99,"LR_predict":49.84,"RF_Predict":86.92,"DT_Predict":100}},{"type":"Point","coordinates":[-82.92937,40.02948],"properties":{"id":50102414,"latitude":40.02948,"longitude":-82.92937,"city":"Columbus","room_type":"Entire home/apt","label":3,"price":235,"KNN_predic":179.4,"GB_predict":240.37,"LR_predict":190.7,"RF_Predict":201.78,"DT_Predict":108}},{"type":"Point","coordinates":[-83.01245,39.98637],"properties":{"id":50211816,"latitude":39.98637,"longitude":-83.01245,"city":"Columbus","room_type":"Entire home/apt","label":1,"price":80,"KNN_predic":90.19,"GB_predict":87.64,"LR_predict":100.93,"RF_Predict":89.32,"DT_Predict":61}},{"type":"Point","coordinates":[-82.99838,39.99082],"properties":{"id":50309637,"latitude":39.99082,"longitude":-82.99838,"city":"Columbus","room_type":"Entire home/apt","label":0,"price":135,"KNN_predic":133.25,"GB_predict":134.17,"LR_predict":138.89,"RF_Predict":135.9,"DT_Predict":91}},{"type":"Point","coordinates":[-82.98877,39.95232],"properties":{"id":50331739,"latitude":39.95232,"longitude":-82.98877,"city":"Columbus","room_type":"Entire home/apt","label":1,"price":87,"KNN_predic":109.12,"GB_predict":97.26,"LR_predict":116.67,"RF_Predict":102.6,"DT_Predict":207}},{"type":"Point","coordinates":[-83.04283,40.05043],"properties":{"id":50343137,"latitude":40.05043,"longitude":-83.04283,"city":"Columbus","room_type":"Entire home/apt","label":1,"price":93,"KNN_predic":86.49,"GB_predict":86.05,"LR_predict":93.08,"RF_Predict":88.32,"DT_Predict":80}},{"type":"Point","coordinates":[-83.00039,39.95877],"properties":{"id":50377457,"latitude":39.95877,"longitude":-83.00039,"city":"Columbus","room_type":"Entire home/apt","label":1,"price":102,"KNN_predic":98.87,"GB_predict":108.83,"LR_predict":96.25,"RF_Predict":119.48,"DT_Predict":104}},{"type":"Point","coordinates":[-83.04041,40.11444],"properties":{"id":50411749,"latitude":40.11444,"longitude":-83.04041,"city":"Columbus","room_type":"Entire home/apt","label":0,"price":135,"KNN_predic":181.13,"GB_predict":188.57,"LR_predict":148.53,"RF_Predict":198.52,"DT_Predict":159}},{"type":"Point","coordinates":[-82.99336,39.95547],"properties":{"id":50576097,"latitude":39.95547,"longitude":-82.99336,"city":"Columbus","room_type":"Entire home/apt","label":0,"price":140,"KNN_predic":86.33,"GB_predict":86.86,"LR_predict":100.12,"RF_Predict":76.88,"DT_Predict":73}},{"type":"Point","coordinates":[-82.99349,39.95528],"properties":{"id":50576311,"latitude":39.95528,"longitude":-82.99349,"city":"Columbus","room_type":"Entire home/apt","label":1,"price":71,"KNN_predic":97.51,"GB_predict":96.63,"LR_predict":107.07,"RF_Predict":103.3,"DT_Predict":103}},{"type":"Point","coordinates":[-82.99426,39.95672],"properties":{"id":50632994,"latitude":39.95672,"longitude":-82.99426,"city":"Columbus","room_type":"Entire home/apt","label":1,"price":77,"KNN_predic":96.85,"GB_predict":88.81,"LR_predict":106.97,"RF_Predict":96.15,"DT_Predict":98}},{"type":"Point","coordinates":[-82.99517,39.9553],"properties":{"id":50640205,"latitude":39.9553,"longitude":-82.99517,"city":"Columbus","room_type":"Entire home/apt","label":1,"price":62,"KNN_predic":91.96,"GB_predict":84.69,"LR_predict":105.64,"RF_Predict":77.3,"DT_Predict":64}},{"type":"Point","coordinates":[-82.97583,39.96542],"properties":{"id":50726631,"latitude":39.96542,"longitude":-82.97583,"city":"Columbus","room_type":"Entire home/apt","label":2,"price":434,"KNN_predic":284.31,"GB_predict":274.01,"LR_predict":402.46,"RF_Predict":267.42,"DT_Predict":211}},{"type":"Point","coordinates":[-83.00365,40.02006],"properties":{"id":50865089,"latitude":40.02006,"longitude":-83.00365,"city":"Columbus","room_type":"Entire home/apt","label":3,"price":225,"KNN_predic":146.26,"GB_predict":178.18,"LR_predict":186.61,"RF_Predict":163.1,"DT_Predict":161}},{"type":"Point","coordinates":[-83.03875,40.06262],"properties":{"id":50871136,"latitude":40.06262,"longitude":-83.03875,"city":"Columbus","room_type":"Entire home/apt","label":1,"price":82,"KNN_predic":100.13,"GB_predict":101.41,"LR_predict":106.16,"RF_Predict":108.2,"DT_Predict":87}},{"type":"Point","coordinates":[-83.0087,39.97655],"properties":{"id":51145588,"latitude":39.97655,"longitude":-83.0087,"city":"Columbus","room_type":"Entire home/apt","label":1,"price":113,"KNN_predic":180.9,"GB_predict":160.57,"LR_predict":157.27,"RF_Predict":164.78,"DT_Predict":236}},{"type":"Point","coordinates":[-82.99819,39.96403],"properties":{"id":51258139,"latitude":39.96403,"longitude":-82.99819,"city":"Columbus","room_type":"Entire home/apt","label":2,"price":338,"KNN_predic":176.97,"GB_predict":176.19,"LR_predict":180.79,"RF_Predict":176.8,"DT_Predict":108}},{"type":"Point","coordinates":[-82.9898,39.95268],"properties":{"id":51386803,"latitude":39.95268,"longitude":-82.9898,"city":"Columbus","room_type":"Entire home/apt","label":1,"price":79,"KNN_predic":91.86,"GB_predict":87.17,"LR_predict":105.24,"RF_Predict":83.12,"DT_Predict":73}},{"type":"Point","coordinates":[-82.98486,39.94988],"properties":{"id":51499831,"latitude":39.94988,"longitude":-82.98486,"city":"Columbus","room_type":"Entire home/apt","label":3,"price":323,"KNN_predic":243.5,"GB_predict":249.85,"LR_predict":259.71,"RF_Predict":265.58,"DT_Predict":205}},{"type":"Point","coordinates":[-82.97043,40.13563],"properties":{"id":51611986,"latitude":40.13563,"longitude":-82.97043,"city":"Columbus","room_type":"Entire home/apt","label":0,"price":148,"KNN_predic":166.34,"GB_predict":135.26,"LR_predict":155.79,"RF_Predict":143.95,"DT_Predict":132}},{"type":"Point","coordinates":[-82.97474,39.9575],"properties":{"id":51618150,"latitude":39.9575,"longitude":-82.97474,"city":"Columbus","room_type":"Entire home/apt","label":1,"price":90,"KNN_predic":98.51,"GB_predict":92.09,"LR_predict":101.62,"RF_Predict":88.28,"DT_Predict":75}},{"type":"Point","coordinates":[-83.00518,39.98449],"properties":{"id":51619357,"latitude":39.98449,"longitude":-83.00518,"city":"Columbus","room_type":"Entire home/apt","label":0,"price":117,"KNN_predic":96.84,"GB_predict":94.79,"LR_predict":110.2,"RF_Predict":94.45,"DT_Predict":150}},{"type":"Point","coordinates":[-83.00284,39.98668],"properties":{"id":51708642,"latitude":39.98668,"longitude":-83.00284,"city":"Columbus","room_type":"Entire home/apt","label":0,"price":138,"KNN_predic":137.9,"GB_predict":113.95,"LR_predict":100.26,"RF_Predict":127.12,"DT_Predict":138}},{"type":"Point","coordinates":[-82.98904,40.01679],"properties":{"id":51727551,"latitude":40.01679,"longitude":-82.98904,"city":"Columbus","room_type":"Entire home/apt","label":1,"price":102,"KNN_predic":114.45,"GB_predict":114.24,"LR_predict":106.83,"RF_Predict":129.52,"DT_Predict":109}},{"type":"Point","coordinates":[-82.97178,39.93933],"properties":{"id":51802160,"latitude":39.93933,"longitude":-82.97178,"city":"Columbus","room_type":"Entire home/apt","label":0,"price":130,"KNN_predic":130.43,"GB_predict":100.53,"LR_predict":134.13,"RF_Predict":115.58,"DT_Predict":86}},{"type":"Point","coordinates":[-82.96086,39.94826],"properties":{"id":51804425,"latitude":39.94826,"longitude":-82.96086,"city":"Columbus","room_type":"Entire home/apt","label":0,"price":132,"KNN_predic":104.75,"GB_predict":109.41,"LR_predict":108.23,"RF_Predict":113.28,"DT_Predict":105}},{"type":"Point","coordinates":[-82.99334,40.08319],"properties":{"id":51838727,"latitude":40.08319,"longitude":-82.99334,"city":"Columbus","room_type":"Entire home/apt","label":1,"price":86,"KNN_predic":107.07,"GB_predict":102.85,"LR_predict":111.29,"RF_Predict":113.78,"DT_Predict":125}},{"type":"Point","coordinates":[-82.9657,39.97473],"properties":{"id":51842325,"latitude":39.97473,"longitude":-82.9657,"city":"Columbus","room_type":"Entire home/apt","label":0,"price":119,"KNN_predic":117.09,"GB_predict":163.08,"LR_predict":132.16,"RF_Predict":125.68,"DT_Predict":117}},{"type":"Point","coordinates":[-82.99529,39.94891],"properties":{"id":51843864,"latitude":39.94891,"longitude":-82.99529,"city":"Columbus","room_type":"Entire home/apt","label":3,"price":228,"KNN_predic":203.48,"GB_predict":206.78,"LR_predict":219.85,"RF_Predict":194.15,"DT_Predict":137}},{"type":"Point","coordinates":[-82.99656,39.94199],"properties":{"id":51858271,"latitude":39.94199,"longitude":-82.99656,"city":"Columbus","room_type":"Private room","label":1,"price":75,"KNN_predic":74.98,"GB_predict":84.78,"LR_predict":104.32,"RF_Predict":77.18,"DT_Predict":75}},{"type":"Point","coordinates":[-82.99625,39.94092],"properties":{"id":51858442,"latitude":39.94092,"longitude":-82.99625,"city":"Columbus","room_type":"Private room","label":1,"price":75,"KNN_predic":85.95,"GB_predict":83.15,"LR_predict":88.7,"RF_Predict":78.95,"DT_Predict":86}},{"type":"Point","coordinates":[-83.00206,39.99038],"properties":{"id":51868922,"latitude":39.99038,"longitude":-83.00206,"city":"Columbus","room_type":"Entire home/apt","label":3,"price":219,"KNN_predic":194.79,"GB_predict":249.83,"LR_predict":197,"RF_Predict":242.22,"DT_Predict":185}},{"type":"Point","coordinates":[-83.02745,40.11831],"properties":{"id":51871338,"latitude":40.11831,"longitude":-83.02745,"city":"Columbus","room_type":"Entire home/apt","label":2,"price":384,"KNN_predic":244.56,"GB_predict":234.76,"LR_predict":273.03,"RF_Predict":246.12,"DT_Predict":117}},{"type":"Point","coordinates":[-83.0175,40.00684],"properties":{"id":51891153,"latitude":40.00684,"longitude":-83.0175,"city":"Columbus","room_type":"Entire home/apt","label":0,"price":132,"KNN_predic":174.9,"GB_predict":166.33,"LR_predict":192.31,"RF_Predict":204.75,"DT_Predict":106}},{"type":"Point","coordinates":[-83.00545,39.99617],"properties":{"id":51921559,"latitude":39.99617,"longitude":-83.00545,"city":"Columbus","room_type":"Entire home/apt","label":1,"price":58,"KNN_predic":57.5,"GB_predict":55.52,"LR_predict":52.71,"RF_Predict":55.98,"DT_Predict":55}},{"type":"Point","coordinates":[-83.00543,39.99753],"properties":{"id":51966519,"latitude":39.99753,"longitude":-83.00543,"city":"Columbus","room_type":"Entire home/apt","label":1,"price":51,"KNN_predic":60.83,"GB_predict":52.5,"LR_predict":50.84,"RF_Predict":54.75,"DT_Predict":53}},{"type":"Point","coordinates":[-82.97195,39.94452],"properties":{"id":51989079,"latitude":39.94452,"longitude":-82.97195,"city":"Columbus","room_type":"Entire home/apt","label":0,"price":132,"KNN_predic":96.84,"GB_predict":101.77,"LR_predict":85.24,"RF_Predict":107.62,"DT_Predict":86}},{"type":"Point","coordinates":[-83.00057,39.98728],"properties":{"id":52029309,"latitude":39.98728,"longitude":-83.00057,"city":"Columbus","room_type":"Entire home/apt","label":1,"price":95,"KNN_predic":102.12,"GB_predict":108.28,"LR_predict":84.6,"RF_Predict":119.62,"DT_Predict":138}},{"type":"Point","coordinates":[-82.99296,39.94641],"properties":{"id":52031318,"latitude":39.94641,"longitude":-82.99296,"city":"Columbus","room_type":"Entire home/apt","label":3,"price":239,"KNN_predic":201.02,"GB_predict":212.9,"LR_predict":178.56,"RF_Predict":203.2,"DT_Predict":80}},{"type":"Point","coordinates":[-82.99662,39.94746],"properties":{"id":52125297,"latitude":39.94746,"longitude":-82.99662,"city":"Columbus","room_type":"Entire home/apt","label":3,"price":227,"KNN_predic":172.68,"GB_predict":211.11,"LR_predict":165.32,"RF_Predict":232.35,"DT_Predict":249}},{"type":"Point","coordinates":[-83.00232,39.98714],"properties":{"id":52134202,"latitude":39.98714,"longitude":-83.00232,"city":"Columbus","room_type":"Entire home/apt","label":1,"price":76,"KNN_predic":86.66,"GB_predict":79.71,"LR_predict":94.72,"RF_Predict":80.7,"DT_Predict":77}},{"type":"Point","coordinates":[-83.01566,40.00852],"properties":{"id":52187783,"latitude":40.00852,"longitude":-83.01566,"city":"Columbus","room_type":"Entire home/apt","label":0,"price":114,"KNN_predic":103.52,"GB_predict":95.7,"LR_predict":87.4,"RF_Predict":112.52,"DT_Predict":99}},{"type":"Point","coordinates":[-82.96094,40.06897],"properties":{"id":52198415,"latitude":40.06897,"longitude":-82.96094,"city":"Columbus","room_type":"Private room","label":1,"price":50,"KNN_predic":48.22,"GB_predict":93.45,"LR_predict":28.22,"RF_Predict":65.5,"DT_Predict":35}}]}}}